,Transported
0,0
1,1
2,0
3,0
4,1
5,1
6,1
7,1
8,1
9,1
10,1
11,1
12,1
13,0
14,1
15,0
16,0
17,0
18,1
19,1
20,0
21,0
22,0
23,0
24,1
25,0
26,0
27,0
28,1
29,0
30,0
31,0
32,0
33,1
34,1
35,1
36,1
37,0
38,0
39,0
40,0
41,1
42,0
43,0
44,1
45,1
46,0
47,1
48,0
49,0
50,0
51,1
52,1
53,1
54,1
55,0
56,0
57,0
58,1
59,1
60,0
61,1
62,1
63,0
64,0
65,1
66,0
67,0
68,0
69,0
70,1
71,1
72,1
73,0
74,0
75,0
76,1
77,1
78,1
79,1
80,0
81,1
82,1
83,1
84,0
85,0
86,1
87,1
88,0
89,0
90,1
91,0
92,1
93,1
94,0
95,1
96,1
97,0
98,0
99,0
100,0
101,0
102,1
103,0
104,0
105,1
106,1
107,1
108,1
109,1
110,0
111,1
112,1
113,0
114,1
115,1
116,0
117,0
118,1
119,0
120,0
121,0
122,1
123,1
124,0
125,1
126,0
127,1
128,0
129,1
130,1
131,0
132,0
133,1
134,0
135,1
136,0
137,1
138,0
139,0
140,0
141,1
142,1
143,1
144,0
145,1
146,1
147,0
148,0
149,0
150,1
151,1
152,1
153,0
154,0
155,0
156,1
157,0
158,1
159,0
160,1
161,1
162,0
163,1
164,0
165,0
166,1
167,0
168,0
169,1
170,0
171,1
172,1
173,0
174,0
175,1
176,0
177,1
178,1
179,1
180,1
181,1
182,1
183,0
184,1
185,0
186,1
187,1
188,1
189,0
190,0
191,0
192,0
193,0
194,0
195,1
196,1
197,1
198,0
199,0
200,0
201,0
202,1
203,0
204,0
205,0
206,1
207,0
208,0
209,0
210,0
211,1
212,1
213,0
214,0
215,1
216,0
217,0
218,0
219,0
220,0
221,1
222,0
223,1
224,0
225,0
226,0
227,1
228,1
229,1
230,0
231,0
232,0
233,0
234,1
235,0
236,0
237,1
238,1
239,0
240,1
241,0
242,0
243,0
244,1
245,1
246,0
247,1
248,0
249,1
250,1
251,0
252,0
253,1
254,1
255,1
256,1
257,1
258,1
259,0
260,1
261,0
262,0
263,1
264,1
265,1
266,1
267,1
268,1
269,1
270,1
271,1
272,0
273,0
274,1
275,0
276,0
277,0
278,1
279,0
280,0
281,1
282,1
283,1
284,1
285,0
286,1
287,1
288,1
289,0
290,0
291,0
292,0
293,0
294,0
295,1
296,1
297,1
298,0
299,0
300,1
301,0
302,0
303,1
304,1
305,1
306,1
307,1
308,0
309,0
310,0
311,1
312,0
313,1
314,1
315,1
316,0
317,1
318,1
319,0
320,1
321,1
322,0
323,0
324,1
325,0
326,0
327,1
328,1
329,0
330,1
331,0
332,0
333,0
334,1
335,0
336,0
337,1
338,0
339,1
340,1
341,0
342,1
343,1
344,1
345,1
346,1
347,0
348,0
349,0
350,1
351,1
352,0
353,0
354,0
355,0
356,1
357,0
358,0
359,0
360,1
361,1
362,0
363,0
364,0
365,1
366,1
367,0
368,0
369,0
370,0
371,0
372,0
373,0
374,0
375,1
376,0
377,0
378,1
379,0
380,1
381,1
382,0
383,1
384,1
385,1
386,1
387,1
388,1
389,1
390,1
391,0
392,1
393,0
394,1
395,1
396,1
397,0
398,0
399,0
400,1
401,0
402,0
403,0
404,0
405,0
406,0
407,0
408,1
409,1
410,0
411,1
412,1
413,1
414,1
415,1
416,1
417,1
418,1
419,1
420,0
421,1
422,0
423,0
424,1
425,0
426,1
427,1
428,1
429,1
430,0
431,0
432,0
433,0
434,1
435,0
436,0
437,1
438,1
439,0
440,1
441,0
442,1
443,0
444,0
445,1
446,1
447,0
448,0
449,1
450,0
451,0
452,0
453,0
454,0
455,1
456,1
457,1
458,1
459,0
460,1
461,0
462,0
463,1
464,0
465,0
466,1
467,1
468,1
469,0
470,1
471,1
472,1
473,1
474,1
475,1
476,1
477,1
478,1
479,0
480,0
481,1
482,1
483,0
484,1
485,0
486,1
487,1
488,0
489,1
490,0
491,0
492,0
493,1
494,0
495,0
496,0
497,0
498,1
499,1
500,1
501,1
502,1
503,0
504,1
505,0
506,0
507,0
508,0
509,0
510,1
511,1
512,1
513,1
514,0
515,1
516,1
517,1
518,1
519,0
520,1
521,0
522,0
523,1
524,1
525,0
526,0
527,1
528,1
529,0
530,0
531,1
532,1
533,0
534,1
535,1
536,1
537,1
538,0
539,1
540,1
541,1
542,0
543,1
544,0
545,0
546,1
547,0
548,0
549,1
550,0
551,1
552,0
553,1
554,1
555,1
556,1
557,1
558,1
559,0
560,1
561,0
562,0
563,0
564,0
565,0
566,0
567,0
568,0
569,1
570,1
571,0
572,0
573,1
574,1
575,0
576,1
577,1
578,1
579,0
580,1
581,0
582,0
583,0
584,0
585,1
586,0
587,0
588,1
589,1
590,1
591,0
592,1
593,1
594,1
595,0
596,1
597,1
598,1
599,1
600,0
601,1
602,1
603,0
604,0
605,1
606,0
607,0
608,0
609,0
610,1
611,1
612,0
613,1
614,1
615,0
616,1
617,1
618,1
619,1
620,0
621,1
622,1
623,1
624,0
625,1
626,1
627,1
628,0
629,1
630,0
631,0
632,1
633,0
634,0
635,1
636,0
637,1
638,0
639,0
640,0
641,1
642,0
643,0
644,0
645,0
646,0
647,0
648,0
649,0
650,1
651,0
652,1
653,1
654,1
655,0
656,1
657,0
658,0
659,0
660,1
661,1
662,0
663,0
664,1
665,1
666,0
667,1
668,1
669,1
670,0
671,1
672,0
673,1
674,1
675,1
676,1
677,1
678,1
679,1
680,0
681,0
682,1
683,0
684,1
685,0
686,1
687,0
688,0
689,1
690,1
691,1
692,0
693,0
694,0
695,0
696,1
697,1
698,1
699,0
700,0
701,0
702,0
703,0
704,1
705,0
706,1
707,0
708,1
709,0
710,0
711,1
712,0
713,1
714,1
715,1
716,0
717,1
718,0
719,1
720,0
721,0
722,1
723,0
724,0
725,0
726,1
727,1
728,0
729,0
730,0
731,0
732,1
733,1
734,0
735,0
736,1
737,1
738,1
739,0
740,1
741,0
742,0
743,0
744,1
745,1
746,0
747,1
748,0
749,0
750,0
751,0
752,1
753,1
754,0
755,0
756,1
757,1
758,0
759,1
760,0
761,1
762,0
763,1
764,1
765,0
766,1
767,0
768,1
769,0
770,0
771,1
772,0
773,1
774,1
775,1
776,0
777,0
778,0
779,1
780,1
781,1
782,0
783,1
784,1
785,1
786,0
787,1
788,1
789,0
790,1
791,1
792,1
793,1
794,0
795,0
796,0
797,0
798,0
799,0
800,0
801,1
802,1
803,1
804,1
805,1
806,0
807,1
808,1
809,0
810,0
811,0
812,0
813,1
814,1
815,0
816,1
817,0
818,0
819,1
820,0
821,0
822,0
823,0
824,1
825,0
826,0
827,0
828,0
829,0
830,1
831,0
832,1
833,0
834,1
835,0
836,1
837,0
838,1
839,1
840,0
841,0
842,0
843,1
844,0
845,0
846,1
847,0
848,1
849,1
850,0
851,0
852,0
853,0
854,0
855,1
856,0
857,1
858,1
859,0
860,0
861,1
862,1
863,1
864,0
865,0
866,1
867,0
868,1
869,1
870,1
871,1
872,0
873,0
874,0
875,1
876,1
877,1
878,1
879,0
880,0
881,0
882,0
883,1
884,0
885,1
886,1
887,0
888,0
889,0
890,1
891,1
892,0
893,1
894,1
895,1
896,0
897,0
898,0
899,1
900,1
901,0
902,0
903,1
904,0
905,0
906,1
907,1
908,0
909,1
910,0
911,0
912,0
913,1
914,0
915,1
916,0
917,1
918,1
919,0
920,0
921,1
922,0
923,0
924,0
925,1
926,0
927,1
928,0
929,1
930,0
931,0
932,0
933,0
934,1
935,0
936,1
937,0
938,0
939,1
940,0
941,1
942,1
943,0
944,0
945,1
946,1
947,1
948,1
949,0
950,0
951,1
952,0
953,1
954,0
955,0
956,1
957,1
958,1
959,0
960,0
961,1
962,0
963,0
964,0
965,0
966,1
967,0
968,0
969,1
970,1
971,0
972,0
973,0
974,1
975,0
976,1
977,1
978,0
979,1
980,1
981,0
982,0
983,0
984,0
985,1
986,1
987,1
988,1
989,0
990,0
991,0
992,1
993,1
994,1
995,1
996,0
997,0
998,0
999,1
1000,1
1001,1
1002,1
1003,0
1004,0
1005,1
1006,1
1007,0
1008,0
1009,0
1010,0
1011,0
1012,0
1013,1
1014,1
1015,1
1016,0
1017,0
1018,1
1019,0
1020,0
1021,1
1022,1
1023,0
1024,1
1025,0
1026,1
1027,1
1028,0
1029,1
1030,0
1031,1
1032,0
1033,0
1034,1
1035,0
1036,0
1037,0
1038,0
1039,0
1040,1
1041,0
1042,1
1043,1
1044,1
1045,0
1046,0
1047,1
1048,1
1049,1
1050,1
1051,0
1052,1
1053,0
1054,1
1055,0
1056,0
1057,1
1058,0
1059,1
1060,1
1061,1
1062,1
1063,1
1064,1
1065,1
1066,1
1067,1
1068,0
1069,0
1070,0
1071,1
1072,1
1073,0
1074,0
1075,1
1076,1
1077,1
1078,0
1079,1
1080,0
1081,0
1082,0
1083,0
1084,0
1085,0
1086,1
1087,1
1088,1
1089,1
1090,0
1091,1
1092,0
1093,1
1094,1
1095,0
1096,1
1097,1
1098,0
1099,0
1100,1
1101,1
1102,0
1103,1
1104,0
1105,0
1106,0
1107,1
1108,1
1109,1
1110,1
1111,0
1112,1
1113,0
1114,1
1115,1
1116,1
1117,0
1118,1
1119,0
1120,0
1121,1
1122,0
1123,0
1124,0
1125,0
1126,0
1127,1
1128,0
1129,0
1130,1
1131,1
1132,1
1133,0
1134,1
1135,0
1136,0
1137,0
1138,0
1139,1
1140,0
1141,0
1142,0
1143,1
1144,0
1145,1
1146,0
1147,1
1148,0
1149,1
1150,1
1151,1
1152,1
1153,0
1154,0
1155,0
1156,0
1157,0
1158,1
1159,1
1160,1
1161,1
1162,1
1163,0
1164,0
1165,1
1166,0
1167,1
1168,1
1169,1
1170,0
1171,1
1172,1
1173,1
1174,1
1175,1
1176,0
1177,0
1178,0
1179,1
1180,0
1181,0
1182,0
1183,1
1184,1
1185,0
1186,0
1187,0
1188,1
1189,0
1190,0
1191,0
1192,1
1193,0
1194,0
1195,0
1196,0
1197,0
1198,1
1199,1
1200,0
1201,0
1202,0
1203,1
1204,0
1205,1
1206,1
1207,1
1208,0
1209,0
1210,0
1211,0
1212,0
1213,1
1214,1
1215,0
1216,1
1217,1
1218,0
1219,0
1220,1
1221,0
1222,1
1223,1
1224,0
1225,0
1226,1
1227,0
1228,1
1229,1
1230,1
1231,0
1232,1
1233,0
1234,0
1235,1
1236,1
1237,0
1238,1
1239,0
1240,0
1241,1
1242,1
1243,0
1244,0
1245,1
1246,1
1247,0
1248,0
1249,1
1250,1
1251,0
1252,1
1253,0
1254,0
1255,0
1256,0
1257,1
1258,1
1259,0
1260,0
1261,0
1262,1
1263,0
1264,0
1265,0
1266,0
1267,1
1268,0
1269,1
1270,1
1271,0
1272,0
1273,0
1274,0
1275,0
1276,1
1277,0
1278,1
1279,1
1280,1
1281,0
1282,1
1283,1
1284,0
1285,0
1286,1
1287,1
1288,0
1289,0
1290,0
1291,0
1292,0
1293,0
1294,1
1295,0
1296,1
1297,0
1298,0
1299,1
1300,0
1301,1
1302,0
1303,0
1304,1
1305,1
1306,1
1307,0
1308,1
1309,0
1310,1
1311,1
1312,1
1313,0
1314,0
1315,0
1316,0
1317,1
1318,0
1319,1
1320,0
1321,1
1322,0
1323,1
1324,1
1325,0
1326,0
1327,0
1328,0
1329,0
1330,1
1331,0
1332,0
1333,0
1334,0
1335,0
1336,1
1337,0
1338,0
1339,0
1340,0
1341,0
1342,0
1343,1
1344,1
1345,1
1346,1
1347,0
1348,1
1349,1
1350,1
1351,0
1352,1
1353,1
1354,1
1355,1
1356,0
1357,0
1358,0
1359,1
1360,0
1361,0
1362,1
1363,0
1364,0
1365,0
1366,0
1367,0
1368,0
1369,1
1370,1
1371,1
1372,1
1373,0
1374,1
1375,0
1376,0
1377,1
1378,0
1379,1
1380,0
1381,0
1382,1
1383,0
1384,1
1385,0
1386,1
1387,1
1388,1
1389,1
1390,0
1391,0
1392,0
1393,1
1394,1
1395,0
1396,1
1397,0
1398,0
1399,0
1400,1
1401,0
1402,0
1403,1
1404,0
1405,0
1406,1
1407,1
1408,0
1409,0
1410,1
1411,0
1412,1
1413,0
1414,0
1415,0
1416,0
1417,0
1418,1
1419,1
1420,0
1421,1
1422,1
1423,0
1424,0
1425,0
1426,1
1427,1
1428,0
1429,0
1430,0
1431,0
1432,0
1433,1
1434,1
1435,0
1436,0
1437,0
1438,1
1439,1
1440,1
1441,1
1442,1
1443,1
1444,0
1445,1
1446,1
1447,1
1448,1
1449,1
1450,0
1451,0
1452,0
1453,1
1454,1
1455,0
1456,1
1457,0
1458,1
1459,0
1460,1
1461,0
1462,1
1463,0
1464,1
1465,1
1466,0
1467,0
1468,1
1469,0
1470,0
1471,0
1472,0
1473,0
1474,0
1475,0
1476,0
1477,1
1478,0
1479,1
1480,1
1481,0
1482,0
1483,0
1484,0
1485,1
1486,0
1487,1
1488,0
1489,0
1490,1
1491,1
1492,0
1493,0
1494,1
1495,1
1496,1
1497,1
1498,0
1499,1
1500,1
1501,0
1502,1
1503,1
1504,1
1505,1
1506,1
1507,1
1508,0
1509,0
1510,0
1511,1
1512,1
1513,0
1514,1
1515,0
1516,1
1517,1
1518,1
1519,0
1520,0
1521,0
1522,1
1523,1
1524,0
1525,1
1526,1
1527,0
1528,1
1529,1
1530,1
1531,1
1532,1
1533,0
1534,0
1535,1
1536,1
1537,0
1538,0
1539,0
1540,1
1541,1
1542,1
1543,0
1544,0
1545,0
1546,1
1547,0
1548,1
1549,0
1550,0
1551,1
1552,0
1553,0
1554,1
1555,0
1556,1
1557,1
1558,0
1559,0
1560,1
1561,0
1562,0
1563,1
1564,0
1565,0
1566,0
1567,0
1568,1
1569,0
1570,0
1571,1
1572,1
1573,0
1574,0
1575,1
1576,0
1577,0
1578,0
1579,0
1580,0
1581,0
1582,0
1583,0
1584,0
1585,0
1586,1
1587,0
1588,0
1589,1
1590,0
1591,0
1592,0
1593,1
1594,0
1595,0
1596,1
1597,0
1598,0
1599,0
1600,1
1601,1
1602,1
1603,0
1604,0
1605,1
1606,0
1607,0
1608,0
1609,1
1610,0
1611,0
1612,1
1613,0
1614,0
1615,1
1616,0
1617,0
1618,0
1619,0
1620,0
1621,0
1622,1
1623,0
1624,1
1625,0
1626,0
1627,0
1628,1
1629,0
1630,1
1631,0
1632,0
1633,1
1634,1
1635,1
1636,1
1637,0
1638,1
1639,0
1640,0
1641,1
1642,1
1643,0
1644,0
1645,0
1646,1
1647,1
1648,0
1649,0
1650,1
1651,0
1652,1
1653,1
1654,0
1655,0
1656,0
1657,0
1658,0
1659,1
1660,0
1661,1
1662,1
1663,0
1664,0
1665,1
1666,1
1667,1
1668,1
1669,0
1670,1
1671,1
1672,1
1673,0
1674,1
1675,1
1676,0
1677,0
1678,1
1679,1
1680,0
1681,0
1682,0
1683,0
1684,0
1685,0
1686,0
1687,1
1688,1
1689,0
1690,0
1691,1
1692,0
1693,0
1694,1
1695,1
1696,0
1697,0
1698,1
1699,1
1700,0
1701,0
1702,0
1703,0
1704,1
1705,0
1706,1
1707,0
1708,1
1709,1
1710,0
1711,1
1712,0
1713,1
1714,1
1715,0
1716,0
1717,1
1718,1
1719,1
1720,1
1721,1
1722,1
1723,0
1724,0
1725,0
1726,1
1727,1
1728,0
1729,0
1730,0
1731,1
1732,1
1733,0
1734,0
1735,0
1736,0
1737,0
1738,0
1739,1
1740,1
1741,1
1742,0
1743,1
1744,0
1745,1
1746,0
1747,0
1748,1
1749,0
1750,1
1751,0
1752,0
1753,0
1754,1
1755,0
1756,0
1757,0
1758,0
1759,1
1760,1
1761,0
1762,1
1763,0
1764,0
1765,0
1766,0
1767,0
1768,0
1769,1
1770,1
1771,1
1772,0
1773,0
1774,0
1775,1
1776,0
1777,0
1778,0
1779,0
1780,1
1781,1
1782,0
1783,1
1784,1
1785,0
1786,0
1787,1
1788,1
1789,0
1790,0
1791,0
1792,0
1793,0
1794,0
1795,0
1796,0
1797,1
1798,0
1799,0
1800,1
1801,1
1802,0
1803,0
1804,1
1805,1
1806,0
1807,0
1808,0
1809,1
1810,1
1811,1
1812,0
1813,0
1814,1
1815,0
1816,0
1817,0
1818,0
1819,0
1820,0
1821,0
1822,0
1823,0
1824,0
1825,0
1826,0
1827,1
1828,0
1829,1
1830,0
1831,1
1832,1
1833,1
1834,1
1835,0
1836,0
1837,1
1838,0
1839,0
1840,1
1841,1
1842,1
1843,0
1844,1
1845,0
1846,0
1847,1
1848,1
1849,1
1850,0
1851,1
1852,1
1853,1
1854,1
1855,1
1856,0
1857,1
1858,0
1859,1
1860,0
1861,0
1862,1
1863,1
1864,0
1865,0
1866,1
1867,1
1868,0
1869,1
1870,0
1871,0
1872,1
1873,0
1874,1
1875,0
1876,0
1877,0
1878,0
1879,0
1880,1
1881,0
1882,1
1883,1
1884,1
1885,0
1886,0
1887,0
1888,1
1889,1
1890,0
1891,0
1892,1
1893,1
1894,1
1895,1
1896,0
1897,1
1898,0
1899,0
1900,1
1901,0
1902,0
1903,1
1904,1
1905,1
1906,0
1907,1
1908,1
1909,1
1910,0
1911,1
1912,1
1913,0
1914,0
1915,0
1916,1
1917,1
1918,1
1919,1
1920,0
1921,0
1922,0
1923,0
1924,1
1925,1
1926,0
1927,1
1928,0
1929,0
1930,0
1931,1
1932,1
1933,0
1934,1
1935,0
1936,1
1937,0
1938,0
1939,1
1940,0
1941,0
1942,1
1943,0
1944,0
1945,0
1946,1
1947,0
1948,1
1949,1
1950,1
1951,0
1952,1
1953,0
1954,1
1955,0
1956,1
1957,0
1958,0
1959,0
1960,0
1961,1
1962,0
1963,0
1964,0
1965,1
1966,1
1967,1
1968,0
1969,0
1970,0
1971,0
1972,0
1973,0
1974,0
1975,0
1976,0
1977,1
1978,1
1979,0
1980,0
1981,0
1982,1
1983,0
1984,0
1985,1
1986,0
1987,0
1988,0
1989,1
1990,0
1991,0
1992,0
1993,0
1994,0
1995,1
1996,0
1997,0
1998,0
1999,0
2000,1
2001,1
2002,1
2003,1
2004,1
2005,1
2006,1
2007,1
2008,0
2009,0
2010,0
2011,0
2012,1
2013,0
2014,1
2015,0
2016,0
2017,0
2018,0
2019,0
2020,1
2021,1
2022,1
2023,1
2024,1
2025,0
2026,1
2027,0
2028,1
2029,0
2030,0
2031,0
2032,1
2033,1
2034,1
2035,1
2036,0
2037,0
2038,0
2039,0
2040,0
2041,0
2042,0
2043,0
2044,0
2045,0
2046,1
2047,0
2048,0
2049,1
2050,0
2051,1
2052,1
2053,0
2054,1
2055,0
2056,1
2057,0
2058,0
2059,1
2060,0
2061,0
2062,0
2063,0
2064,0
2065,1
2066,0
2067,1
2068,1
2069,1
2070,0
2071,1
2072,1
2073,1
2074,0
2075,1
2076,0
2077,0
2078,0
2079,0
2080,0
2081,0
2082,0
2083,1
2084,1
2085,0
2086,0
2087,0
2088,1
2089,0
2090,0
2091,1
2092,1
2093,1
2094,1
2095,0
2096,1
2097,0
2098,0
2099,0
2100,0
2101,0
2102,1
2103,1
2104,1
2105,1
2106,1
2107,1
2108,1
2109,0
2110,0
2111,1
2112,0
2113,1
2114,0
2115,1
2116,1
2117,1
2118,1
2119,1
2120,0
2121,1
2122,1
2123,0
2124,0
2125,1
2126,0
2127,0
2128,1
2129,0
2130,0
2131,0
2132,0
2133,1
2134,0
2135,0
2136,0
2137,0
2138,0
2139,1
2140,0
2141,0
2142,0
2143,0
2144,1
2145,0
2146,0
2147,0
2148,1
2149,0
2150,1
2151,1
2152,0
2153,1
2154,1
2155,0
2156,1
2157,0
2158,0
2159,1
2160,0
2161,1
2162,1
2163,0
2164,1
2165,0
2166,0
2167,0
2168,0
2169,1
2170,1
2171,0
2172,0
2173,0
2174,0
2175,1
2176,0
2177,1
2178,1
2179,0
2180,0
2181,1
2182,0
2183,1
2184,0
2185,0
2186,0
2187,1
2188,0
2189,0
2190,1
2191,0
2192,1
2193,1
2194,0
2195,0
2196,0
2197,0
2198,1
2199,0
2200,0
2201,1
2202,1
2203,0
2204,1
2205,0
2206,1
2207,1
2208,1
2209,1
2210,0
2211,0
2212,0
2213,0
2214,0
2215,1
2216,1
2217,0
2218,1
2219,0
2220,0
2221,0
2222,0
2223,1
2224,1
2225,0
2226,0
2227,1
2228,0
2229,1
2230,0
2231,0
2232,0
2233,1
2234,0
2235,0
2236,0
2237,0
2238,0
2239,0
2240,1
2241,0
2242,0
2243,0
2244,1
2245,1
2246,1
2247,1
2248,0
2249,1
2250,1
2251,1
2252,1
2253,1
2254,0
2255,0
2256,0
2257,1
2258,1
2259,0
2260,1
2261,1
2262,1
2263,1
2264,0
2265,0
2266,0
2267,1
2268,0
2269,0
2270,1
2271,1
2272,0
2273,1
2274,0
2275,0
2276,0
2277,1
2278,1
2279,0
2280,1
2281,0
2282,0
2283,1
2284,0
2285,0
2286,0
2287,1
2288,1
2289,1
2290,0
2291,0
2292,0
2293,0
2294,0
2295,0
2296,0
2297,0
2298,0
2299,1
2300,0
2301,0
2302,1
2303,1
2304,0
2305,0
2306,0
2307,0
2308,0
2309,0
2310,0
2311,1
2312,0
2313,1
2314,0
2315,0
2316,0
2317,1
2318,0
2319,0
2320,0
2321,1
2322,0
2323,0
2324,0
2325,1
2326,0
2327,1
2328,1
2329,0
2330,1
2331,0
2332,1
2333,0
2334,0
2335,1
2336,0
2337,1
2338,1
2339,1
2340,0
2341,0
2342,1
2343,1
2344,1
2345,1
2346,1
2347,1
2348,0
2349,1
2350,0
2351,1
2352,0
2353,1
2354,0
2355,1
2356,0
2357,0
2358,0
2359,1
2360,0
2361,0
2362,0
2363,0
2364,1
2365,0
2366,0
2367,1
2368,0
2369,1
2370,0
2371,1
2372,1
2373,1
2374,1
2375,1
2376,1
2377,1
2378,1
2379,1
2380,1
2381,1
2382,0
2383,1
2384,0
2385,0
2386,0
2387,1
2388,0
2389,1
2390,1
2391,0
2392,1
2393,1
2394,1
2395,1
2396,0
2397,0
2398,0
2399,0
2400,0
2401,0
2402,0
2403,1
2404,1
2405,1
2406,0
2407,0
2408,1
2409,0
2410,0
2411,1
2412,0
2413,0
2414,0
2415,0
2416,0
2417,1
2418,1
2419,1
2420,0
2421,1
2422,0
2423,1
2424,1
2425,0
2426,0
2427,0
2428,1
2429,0
2430,1
2431,0
2432,1
2433,0
2434,0
2435,1
2436,1
2437,1
2438,1
2439,1
2440,0
2441,0
2442,1
2443,0
2444,0
2445,0
2446,1
2447,0
2448,0
2449,0
2450,1
2451,0
2452,0
2453,1
2454,0
2455,1
2456,1
2457,0
2458,0
2459,0
2460,0
2461,0
2462,0
2463,1
2464,0
2465,1
2466,1
2467,1
2468,0
2469,0
2470,0
2471,0
2472,0
2473,1
2474,1
2475,0
2476,0
2477,0
2478,1
2479,0
2480,0
2481,1
2482,0
2483,1
2484,1
2485,0
2486,0
2487,0
2488,0
2489,0
2490,0
2491,0
2492,1
2493,1
2494,0
2495,1
2496,0
2497,0
2498,1
2499,0
2500,0
2501,1
2502,0
2503,1
2504,0
2505,0
2506,0
2507,0
2508,0
2509,0
2510,0
2511,0
2512,0
2513,0
2514,1
2515,1
2516,0
2517,0
2518,1
2519,1
2520,1
2521,1
2522,1
2523,1
2524,0
2525,1
2526,1
2527,1
2528,0
2529,0
2530,1
2531,0
2532,0
2533,1
2534,0
2535,1
2536,1
2537,1
2538,1
2539,0
2540,0
2541,0
2542,0
2543,1
2544,1
2545,0
2546,1
2547,1
2548,0
2549,1
2550,0
2551,1
2552,0
2553,0
2554,1
2555,1
2556,0
2557,0
2558,0
2559,0
2560,1
2561,1
2562,1
2563,1
2564,0
2565,0
2566,1
2567,0
2568,0
2569,1
2570,0
2571,1
2572,0
2573,0
2574,0
2575,1
2576,0
2577,0
2578,1
2579,1
2580,0
2581,1
2582,0
2583,0
2584,0
2585,0
2586,0
2587,0
2588,0
2589,0
2590,0
2591,1
2592,1
2593,0
2594,0
2595,1
2596,0
2597,1
2598,1
2599,1
2600,0
2601,0
2602,0
2603,1
2604,0
2605,0
2606,0
2607,1
2608,1
2609,1
2610,1
2611,0
2612,0
2613,0
2614,0
2615,1
2616,0
2617,1
2618,0
2619,1
2620,0
2621,0
2622,0
2623,0
2624,1
2625,1
2626,0
2627,0
2628,1
2629,1
2630,1
2631,0
2632,1
2633,1
2634,1
2635,0
2636,1
2637,1
2638,1
2639,0
2640,1
2641,1
2642,0
2643,1
2644,1
2645,1
2646,0
2647,0
2648,1
2649,0
2650,0
2651,1
2652,0
2653,0
2654,0
2655,1
2656,0
2657,0
2658,1
2659,1
2660,0
2661,1
2662,0
2663,0
2664,0
2665,1
2666,1
2667,1
2668,1
2669,1
2670,1
2671,1
2672,0
2673,0
2674,1
2675,1
2676,0
2677,0
2678,1
2679,1
2680,1
2681,1
2682,1
2683,0
2684,1
2685,0
2686,0
2687,1
2688,0
2689,0
2690,0
2691,1
2692,0
2693,0
2694,0
2695,0
2696,1
2697,0
2698,1
2699,0
2700,1
2701,0
2702,0
2703,0
2704,0
2705,1
2706,0
2707,1
2708,0
2709,1
2710,0
2711,0
2712,0
2713,1
2714,0
2715,0
2716,0
2717,0
2718,0
2719,0
2720,1
2721,1
2722,1
2723,1
2724,1
2725,1
2726,0
2727,1
2728,0
2729,1
2730,1
2731,1
2732,0
2733,0
2734,0
2735,0
2736,1
2737,1
2738,0
2739,0
2740,0
2741,0
2742,0
2743,0
2744,1
2745,1
2746,1
2747,0
2748,0
2749,1
2750,1
2751,0
2752,0
2753,0
2754,0
2755,0
2756,0
2757,0
2758,0
2759,1
2760,1
2761,0
2762,0
2763,1
2764,1
2765,0
2766,0
2767,1
2768,1
2769,0
2770,0
2771,0
2772,1
2773,0
2774,0
2775,0
2776,1
2777,1
2778,0
2779,1
2780,0
2781,0
2782,1
2783,1
2784,1
2785,0
2786,1
2787,0
2788,1
2789,0
2790,0
2791,0
2792,0
2793,1
2794,0
2795,0
2796,0
2797,0
2798,0
2799,0
2800,0
2801,1
2802,1
2803,1
2804,0
2805,0
2806,0
2807,0
2808,1
2809,1
2810,1
2811,0
2812,0
2813,0
2814,0
2815,0
2816,0
2817,0
2818,0
2819,0
2820,0
2821,0
2822,0
2823,0
2824,1
2825,0
2826,0
2827,1
2828,0
2829,0
2830,0
2831,0
2832,0
2833,0
2834,0
2835,0
2836,0
2837,1
2838,1
2839,0
2840,1
2841,1
2842,0
2843,1
2844,0
2845,1
2846,1
2847,0
2848,1
2849,1
2850,0
2851,0
2852,1
2853,1
2854,1
2855,0
2856,1
2857,0
2858,1
2859,0
2860,1
2861,0
2862,1
2863,0
2864,1
2865,0
2866,1
2867,1
2868,0
2869,1
2870,1
2871,1
2872,0
2873,1
2874,1
2875,1
2876,0
2877,0
2878,1
2879,1
2880,0
2881,0
2882,0
2883,0
2884,0
2885,1
2886,0
2887,1
2888,1
2889,1
2890,1
2891,1
2892,1
2893,1
2894,0
2895,0
2896,1
2897,1
2898,1
2899,1
2900,0
2901,1
2902,1
2903,0
2904,0
2905,0
2906,0
2907,1
2908,1
2909,1
2910,1
2911,1
2912,0
2913,0
2914,1
2915,0
2916,1
2917,0
2918,0
2919,0
2920,0
2921,0
2922,1
2923,1
2924,1
2925,1
2926,0
2927,1
2928,1
2929,1
2930,1
2931,0
2932,0
2933,0
2934,1
2935,1
2936,1
2937,0
2938,0
2939,1
2940,0
2941,1
2942,0
2943,1
2944,0
2945,0
2946,1
2947,0
2948,0
2949,0
2950,0
2951,0
2952,0
2953,0
2954,0
2955,0
2956,0
2957,0
2958,1
2959,0
2960,1
2961,0
2962,0
2963,0
2964,0
2965,0
2966,0
2967,0
2968,0
2969,1
2970,1
2971,1
2972,1
2973,0
2974,1
2975,0
2976,0
2977,0
2978,0
2979,0
2980,0
2981,1
2982,1
2983,1
2984,0
2985,1
2986,1
2987,1
2988,0
2989,1
2990,0
2991,0
2992,0
2993,1
2994,0
2995,0
2996,1
2997,0
2998,0
2999,0
3000,0
3001,0
3002,0
3003,0
3004,1
3005,1
3006,1
3007,0
3008,0
3009,0
3010,0
3011,0
3012,1
3013,1
3014,0
3015,1
3016,1
3017,1
3018,0
3019,1
3020,0
3021,0
3022,1
3023,0
3024,1
3025,1
3026,1
3027,1
3028,1
3029,0
3030,1
3031,1
3032,1
3033,0
3034,0
3035,0
3036,0
3037,1
3038,1
3039,1
3040,1
3041,0
3042,1
3043,1
3044,0
3045,1
3046,1
3047,1
3048,1
3049,1
3050,0
3051,0
3052,1
3053,0
3054,1
3055,0
3056,1
3057,0
3058,1
3059,1
3060,1
3061,1
3062,1
3063,0
3064,0
3065,0
3066,0
3067,1
3068,0
3069,0
3070,1
3071,0
3072,0
3073,0
3074,1
3075,1
3076,1
3077,1
3078,1
3079,0
3080,1
3081,1
3082,1
3083,1
3084,1
3085,1
3086,0
3087,0
3088,0
3089,1
3090,0
3091,1
3092,0
3093,1
3094,1
3095,1
3096,1
3097,0
3098,0
3099,1
3100,0
3101,1
3102,0
3103,0
3104,1
3105,1
3106,0
3107,0
3108,1
3109,0
3110,1
3111,1
3112,1
3113,0
3114,0
3115,1
3116,1
3117,1
3118,1
3119,0
3120,0
3121,1
3122,0
3123,0
3124,1
3125,0
3126,0
3127,1
3128,1
3129,0
3130,0
3131,0
3132,1
3133,0
3134,0
3135,0
3136,1
3137,1
3138,0
3139,1
3140,1
3141,1
3142,0
3143,1
3144,1
3145,1
3146,1
3147,1
3148,0
3149,1
3150,0
3151,1
3152,0
3153,1
3154,1
3155,0
3156,1
3157,0
3158,0
3159,0
3160,1
3161,0
3162,1
3163,0
3164,1
3165,1
3166,0
3167,0
3168,1
3169,1
3170,0
3171,0
3172,0
3173,1
3174,1
3175,1
3176,0
3177,0
3178,0
3179,1
3180,1
3181,1
3182,1
3183,0
3184,0
3185,1
3186,0
3187,1
3188,1
3189,0
3190,1
3191,1
3192,1
3193,0
3194,0
3195,0
3196,0
3197,1
3198,1
3199,1
3200,1
3201,1
3202,0
3203,1
3204,0
3205,0
3206,1
3207,1
3208,0
3209,0
3210,1
3211,1
3212,1
3213,1
3214,0
3215,1
3216,0
3217,0
3218,0
3219,0
3220,1
3221,1
3222,0
3223,1
3224,0
3225,1
3226,0
3227,1
3228,1
3229,1
3230,0
3231,1
3232,1
3233,1
3234,1
3235,0
3236,0
3237,0
3238,0
3239,0
3240,1
3241,0
3242,1
3243,1
3244,1
3245,0
3246,0
3247,0
3248,0
3249,1
3250,1
3251,1
3252,0
3253,0
3254,1
3255,1
3256,1
3257,1
3258,1
3259,0
3260,0
3261,0
3262,1
3263,1
3264,0
3265,0
3266,1
3267,1
3268,0
3269,0
3270,0
3271,0
3272,1
3273,1
3274,1
3275,1
3276,1
3277,0
3278,1
3279,1
3280,1
3281,1
3282,1
3283,0
3284,1
3285,1
3286,0
3287,1
3288,0
3289,0
3290,0
3291,1
3292,1
3293,0
3294,0
3295,1
3296,1
3297,1
3298,1
3299,1
3300,0
3301,0
3302,1
3303,0
3304,0
3305,0
3306,0
3307,1
3308,0
3309,1
3310,1
3311,0
3312,1
3313,0
3314,1
3315,1
3316,1
3317,0
3318,0
3319,1
3320,0
3321,1
3322,1
3323,0
3324,0
3325,1
3326,1
3327,0
3328,0
3329,1
3330,0
3331,1
3332,0
3333,1
3334,1
3335,0
3336,0
3337,0
3338,0
3339,1
3340,0
3341,1
3342,1
3343,1
3344,0
3345,0
3346,1
3347,1
3348,1
3349,0
3350,1
3351,1
3352,1
3353,1
3354,0
3355,0
3356,1
3357,1
3358,1
3359,1
3360,1
3361,1
3362,0
3363,0
3364,1
3365,1
3366,0
3367,1
3368,1
3369,0
3370,0
3371,1
3372,1
3373,0
3374,1
3375,0
3376,0
3377,1
3378,0
3379,1
3380,0
3381,0
3382,1
3383,0
3384,1
3385,0
3386,1
3387,1
3388,1
3389,1
3390,1
3391,1
3392,1
3393,0
3394,1
3395,0
3396,0
3397,0
3398,0
3399,0
3400,1
3401,1
3402,0
3403,1
3404,1
3405,1
3406,1
3407,1
3408,1
3409,0
3410,1
3411,0
3412,1
3413,0
3414,0
3415,1
3416,1
3417,0
3418,1
3419,0
3420,1
3421,1
3422,1
3423,1
3424,0
3425,0
3426,1
3427,1
3428,1
3429,1
3430,0
3431,0
3432,0
3433,1
3434,0
3435,0
3436,0
3437,0
3438,1
3439,0
3440,1
3441,1
3442,0
3443,0
3444,0
3445,1
3446,0
3447,1
3448,1
3449,1
3450,1
3451,0
3452,0
3453,0
3454,0
3455,1
3456,0
3457,1
3458,0
3459,1
3460,1
3461,1
3462,1
3463,1
3464,1
3465,0
3466,1
3467,0
3468,0
3469,1
3470,1
3471,0
3472,1
3473,0
3474,1
3475,0
3476,1
3477,0
3478,1
3479,0
3480,1
3481,0
3482,0
3483,1
3484,0
3485,1
3486,1
3487,1
3488,1
3489,0
3490,0
3491,1
3492,0
3493,0
3494,1
3495,0
3496,0
3497,1
3498,1
3499,0
3500,1
3501,1
3502,1
3503,1
3504,1
3505,0
3506,1
3507,0
3508,1
3509,0
3510,1
3511,1
3512,1
3513,1
3514,1
3515,0
3516,0
3517,0
3518,1
3519,1
3520,1
3521,1
3522,1
3523,1
3524,0
3525,0
3526,0
3527,0
3528,0
3529,0
3530,1
3531,1
3532,1
3533,0
3534,1
3535,1
3536,1
3537,1
3538,1
3539,0
3540,1
3541,0
3542,0
3543,0
3544,0
3545,1
3546,0
3547,1
3548,0
3549,0
3550,1
3551,0
3552,0
3553,0
3554,0
3555,1
3556,0
3557,0
3558,1
3559,1
3560,0
3561,0
3562,0
3563,0
3564,0
3565,1
3566,1
3567,0
3568,0
3569,0
3570,1
3571,0
3572,0
3573,0
3574,0
3575,1
3576,1
3577,1
3578,1
3579,1
3580,1
3581,0
3582,1
3583,1
3584,1
3585,1
3586,1
3587,1
3588,1
3589,0
3590,0
3591,1
3592,0
3593,0
3594,1
3595,0
3596,1
3597,0
3598,1
3599,0
3600,1
3601,1
3602,1
3603,0
3604,1
3605,1
3606,1
3607,0
3608,0
3609,1
3610,0
3611,0
3612,1
3613,0
3614,1
3615,1
3616,1
3617,1
3618,1
3619,0
3620,0
3621,1
3622,1
3623,0
3624,1
3625,1
3626,0
3627,0
3628,1
3629,0
3630,0
3631,1
3632,0
3633,1
3634,1
3635,0
3636,1
3637,1
3638,1
3639,0
3640,0
3641,1
3642,0
3643,1
3644,0
3645,0
3646,1
3647,1
3648,0
3649,1
3650,1
3651,1
3652,0
3653,0
3654,1
3655,0
3656,1
3657,0
3658,0
3659,1
3660,1
3661,1
3662,0
3663,0
3664,1
3665,1
3666,1
3667,1
3668,0
3669,0
3670,0
3671,0
3672,0
3673,0
3674,0
3675,0
3676,0
3677,1
3678,0
3679,0
3680,1
3681,0
3682,0
3683,0
3684,1
3685,0
3686,1
3687,1
3688,0
3689,1
3690,1
3691,0
3692,1
3693,1
3694,0
3695,0
3696,1
3697,0
3698,1
3699,1
3700,1
3701,1
3702,1
3703,1
3704,0
3705,1
3706,0
3707,0
3708,0
3709,1
3710,0
3711,0
3712,0
3713,1
3714,0
3715,0
3716,0
3717,0
3718,0
3719,1
3720,1
3721,0
3722,1
3723,0
3724,1
3725,0
3726,1
3727,1
3728,1
3729,1
3730,0
3731,1
3732,1
3733,0
3734,0
3735,1
3736,1
3737,1
3738,0
3739,0
3740,1
3741,1
3742,1
3743,0
3744,1
3745,1
3746,1
3747,0
3748,1
3749,1
3750,1
3751,0
3752,0
3753,0
3754,0
3755,0
3756,0
3757,1
3758,1
3759,0
3760,0
3761,0
3762,1
3763,0
3764,0
3765,0
3766,0
3767,1
3768,1
3769,1
3770,0
3771,0
3772,0
3773,0
3774,1
3775,1
3776,1
3777,1
3778,0
3779,1
3780,0
3781,1
3782,0
3783,0
3784,0
3785,1
3786,1
3787,1
3788,0
3789,0
3790,1
3791,1
3792,0
3793,1
3794,1
3795,0
3796,0
3797,1
3798,0
3799,0
3800,0
3801,0
3802,1
3803,1
3804,1
3805,1
3806,0
3807,0
3808,1
3809,0
3810,1
3811,1
3812,1
3813,1
3814,0
3815,0
3816,0
3817,0
3818,0
3819,0
3820,0
3821,1
3822,1
3823,1
3824,1
3825,1
3826,0
3827,0
3828,1
3829,0
3830,0
3831,1
3832,0
3833,1
3834,0
3835,0
3836,1
3837,0
3838,1
3839,1
3840,1
3841,0
3842,1
3843,1
3844,1
3845,1
3846,0
3847,1
3848,0
3849,1
3850,1
3851,0
3852,1
3853,1
3854,0
3855,1
3856,1
3857,0
3858,1
3859,0
3860,0
3861,0
3862,0
3863,1
3864,0
3865,0
3866,0
3867,1
3868,1
3869,1
3870,1
3871,1
3872,0
3873,1
3874,0
3875,0
3876,0
3877,1
3878,1
3879,1
3880,1
3881,1
3882,0
3883,0
3884,0
3885,1
3886,1
3887,1
3888,0
3889,1
3890,0
3891,1
3892,0
3893,0
3894,1
3895,1
3896,0
3897,0
3898,0
3899,1
3900,1
3901,1
3902,0
3903,0
3904,1
3905,1
3906,1
3907,1
3908,0
3909,0
3910,1
3911,1
3912,1
3913,1
3914,1
3915,1
3916,0
3917,1
3918,0
3919,0
3920,0
3921,0
3922,0
3923,1
3924,1
3925,1
3926,0
3927,0
3928,1
3929,1
3930,1
3931,1
3932,0
3933,1
3934,0
3935,1
3936,0
3937,1
3938,0
3939,0
3940,1
3941,1
3942,0
3943,1
3944,1
3945,1
3946,1
3947,0
3948,0
3949,0
3950,1
3951,1
3952,1
3953,1
3954,1
3955,0
3956,0
3957,0
3958,1
3959,0
3960,0
3961,1
3962,1
3963,0
3964,0
3965,0
3966,1
3967,1
3968,0
3969,1
3970,1
3971,0
3972,1
3973,1
3974,0
3975,1
3976,1
3977,0
3978,1
3979,1
3980,1
3981,0
3982,1
3983,0
3984,0
3985,1
3986,0
3987,1
3988,0
3989,0
3990,1
3991,1
3992,0
3993,0
3994,0
3995,0
3996,0
3997,0
3998,0
3999,0
4000,1
4001,1
4002,1
4003,1
4004,0
4005,0
4006,1
4007,1
4008,1
4009,0
4010,1
4011,1
4012,0
4013,1
4014,1
4015,0
4016,1
4017,0
4018,1
4019,1
4020,1
4021,1
4022,1
4023,0
4024,0
4025,1
4026,1
4027,1
4028,1
4029,0
4030,0
4031,1
4032,1
4033,1
4034,0
4035,1
4036,0
4037,0
4038,1
4039,1
4040,0
4041,1
4042,1
4043,0
4044,0
4045,1
4046,1
4047,0
4048,1
4049,1
4050,0
4051,1
4052,1
4053,0
4054,1
4055,0
4056,1
4057,1
4058,1
4059,1
4060,1
4061,1
4062,1
4063,1
4064,0
4065,1
4066,1
4067,1
4068,0
4069,1
4070,0
4071,1
4072,0
4073,1
4074,0
4075,0
4076,1
4077,1
4078,0
4079,1
4080,0
4081,1
4082,0
4083,1
4084,0
4085,1
4086,1
4087,1
4088,1
4089,0
4090,1
4091,1
4092,1
4093,0
4094,0
4095,1
4096,0
4097,1
4098,1
4099,1
4100,1
4101,0
4102,0
4103,1
4104,1
4105,1
4106,1
4107,1
4108,0
4109,1
4110,1
4111,1
4112,0
4113,1
4114,0
4115,0
4116,0
4117,0
4118,0
4119,1
4120,0
4121,0
4122,1
4123,1
4124,1
4125,1
4126,0
4127,0
4128,0
4129,0
4130,1
4131,1
4132,1
4133,1
4134,0
4135,1
4136,0
4137,0
4138,1
4139,1
4140,1
4141,0
4142,1
4143,0
4144,0
4145,1
4146,0
4147,1
4148,0
4149,0
4150,0
4151,1
4152,1
4153,0
4154,1
4155,1
4156,1
4157,1
4158,0
4159,0
4160,0
4161,0
4162,1
4163,1
4164,1
4165,1
4166,1
4167,1
4168,1
4169,1
4170,1
4171,0
4172,1
4173,1
4174,0
4175,1
4176,1
4177,1
4178,1
4179,0
4180,1
4181,1
4182,0
4183,0
4184,0
4185,0
4186,0
4187,1
4188,1
4189,0
4190,0
4191,0
4192,0
4193,0
4194,0
4195,1
4196,1
4197,1
4198,0
4199,1
4200,0
4201,0
4202,0
4203,0
4204,1
4205,1
4206,0
4207,1
4208,0
4209,0
4210,1
4211,0
4212,1
4213,0
4214,0
4215,0
4216,1
4217,1
4218,1
4219,1
4220,0
4221,0
4222,0
4223,1
4224,0
4225,1
4226,1
4227,0
4228,0
4229,0
4230,1
4231,0
4232,1
4233,0
4234,0
4235,0
4236,0
4237,0
4238,1
4239,1
4240,1
4241,1
4242,1
4243,1
4244,0
4245,1
4246,0
4247,1
4248,0
4249,0
4250,0
4251,0
4252,1
4253,1
4254,0
4255,0
4256,1
4257,1
4258,1
4259,1
4260,0
4261,0
4262,0
4263,0
4264,1
4265,1
4266,1
4267,1
4268,0
4269,1
4270,1
4271,1
4272,0
4273,1
4274,1
4275,0
4276,0
4277,0
4278,0
4279,1
4280,1
4281,0
4282,1
4283,1
4284,0
4285,0
4286,0
4287,0
4288,1
4289,0
4290,1
4291,1
4292,0
4293,1
4294,0
4295,0
4296,0
4297,1
4298,1
4299,1
4300,1
4301,0
4302,0
4303,0
4304,1
4305,1
4306,1
4307,1
4308,1
4309,1
4310,0
4311,0
4312,1
4313,0
4314,1
4315,1
4316,1
4317,0
4318,1
4319,0
4320,0
4321,0
4322,0
4323,0
4324,0
4325,1
4326,0
4327,0
4328,1
4329,1
4330,1
4331,1
4332,0
4333,0
4334,1
4335,1
4336,1
4337,0
4338,1
4339,1
4340,1
4341,1
4342,1
4343,0
4344,1
4345,1
4346,1
4347,1
4348,1
4349,1
4350,0
4351,0
4352,0
4353,0
4354,0
4355,1
4356,0
4357,1
4358,1
4359,0
4360,0
4361,1
4362,1
4363,1
4364,1
4365,1
4366,1
4367,0
4368,0
4369,1
4370,1
4371,0
4372,1
4373,1
4374,1
4375,0
4376,0
4377,0
4378,0
4379,0
4380,0
4381,1
4382,0
4383,1
4384,0
4385,0
4386,0
4387,0
4388,0
4389,1
4390,1
4391,1
4392,1
4393,1
4394,1
4395,1
4396,1
4397,0
4398,0
4399,1
4400,1
4401,1
4402,0
4403,0
4404,1
4405,0
4406,0
4407,1
4408,0
4409,1
4410,1
4411,0
4412,1
4413,1
4414,1
4415,1
4416,0
4417,0
4418,0
4419,1
4420,1
4421,1
4422,0
4423,1
4424,1
4425,0
4426,0
4427,0
4428,1
4429,0
4430,0
4431,1
4432,0
4433,0
4434,1
4435,0
4436,0
4437,0
4438,1
4439,1
4440,1
4441,1
4442,0
4443,0
4444,1
4445,1
4446,1
4447,1
4448,1
4449,0
4450,1
4451,0
4452,1
4453,1
4454,1
4455,1
4456,0
4457,0
4458,1
4459,1
4460,1
4461,1
4462,1
4463,1
4464,1
4465,0
4466,0
4467,0
4468,0
4469,0
4470,0
4471,0
4472,1
4473,1
4474,1
4475,0
4476,0
4477,0
4478,1
4479,1
4480,1
4481,1
4482,1
4483,1
4484,0
4485,1
4486,1
4487,1
4488,0
4489,1
4490,1
4491,1
4492,0
4493,0
4494,1
4495,1
4496,0
4497,0
4498,1
4499,0
4500,1
4501,1
4502,1
4503,1
4504,0
4505,0
4506,0
4507,1
4508,1
4509,0
4510,1
4511,0
4512,1
4513,1
4514,1
4515,1
4516,1
4517,1
4518,1
4519,0
4520,0
4521,1
4522,1
4523,1
4524,0
4525,0
4526,0
4527,1
4528,1
4529,1
4530,0
4531,1
4532,1
4533,1
4534,1
4535,1
4536,1
4537,0
4538,1
4539,1
4540,0
4541,0
4542,1
4543,0
4544,1
4545,1
4546,1
4547,0
4548,1
4549,1
4550,0
4551,0
4552,0
4553,1
4554,0
4555,1
4556,1
4557,1
4558,1
4559,1
4560,1
4561,0
4562,1
4563,0
4564,0
4565,0
4566,0
4567,1
4568,1
4569,0
4570,0
4571,1
4572,1
4573,1
4574,1
4575,0
4576,0
4577,0
4578,0
4579,1
4580,0
4581,1
4582,0
4583,1
4584,0
4585,1
4586,1
4587,0
4588,1
4589,1
4590,1
4591,1
4592,0
4593,1
4594,1
4595,0
4596,0
4597,1
4598,1
4599,1
4600,0
4601,0
4602,0
4603,0
4604,0
4605,0
4606,0
4607,0
4608,0
4609,0
4610,1
4611,1
4612,0
4613,1
4614,1
4615,1
4616,1
4617,1
4618,1
4619,1
4620,0
4621,1
4622,1
4623,1
4624,1
4625,1
4626,1
4627,1
4628,1
4629,1
4630,1
4631,1
4632,0
4633,0
4634,1
4635,0
4636,0
4637,1
4638,1
4639,1
4640,0
4641,1
4642,1
4643,1
4644,1
4645,0
4646,0
4647,1
4648,0
4649,0
4650,1
4651,1
4652,1
4653,1
4654,0
4655,1
4656,1
4657,0
4658,0
4659,0
4660,1
4661,0
4662,1
4663,0
4664,1
4665,1
4666,1
4667,1
4668,1
4669,0
4670,0
4671,0
4672,0
4673,0
4674,0
4675,1
4676,1
4677,0
4678,1
4679,1
4680,0
4681,0
4682,0
4683,0
4684,1
4685,1
4686,1
4687,1
4688,0
4689,1
4690,0
4691,1
4692,0
4693,1
4694,1
4695,0
4696,0
4697,1
4698,1
4699,0
4700,1
4701,1
4702,0
4703,1
4704,0
4705,0
4706,1
4707,1
4708,0
4709,1
4710,1
4711,0
4712,0
4713,0
4714,0
4715,1
4716,0
4717,1
4718,0
4719,0
4720,0
4721,1
4722,1
4723,0
4724,0
4725,0
4726,1
4727,0
4728,1
4729,1
4730,0
4731,0
4732,1
4733,1
4734,1
4735,1
4736,0
4737,1
4738,0
4739,1
4740,1
4741,0
4742,0
4743,1
4744,1
4745,0
4746,1
4747,0
4748,1
4749,0
4750,1
4751,1
4752,0
4753,1
4754,0
4755,0
4756,1
4757,0
4758,0
4759,0
4760,0
4761,0
4762,0
4763,1
4764,0
4765,1
4766,0
4767,1
4768,0
4769,0
4770,1
4771,0
4772,0
4773,1
4774,0
4775,0
4776,1
4777,1
4778,1
4779,1
4780,1
4781,1
4782,1
4783,1
4784,1
4785,1
4786,0
4787,0
4788,0
4789,1
4790,1
4791,1
4792,1
4793,1
4794,1
4795,1
4796,0
4797,1
4798,0
4799,0
4800,1
4801,1
4802,0
4803,0
4804,1
4805,1
4806,1
4807,0
4808,1
4809,0
4810,1
4811,0
4812,0
4813,1
4814,0
4815,0
4816,0
4817,1
4818,1
4819,1
4820,1
4821,0
4822,1
4823,1
4824,1
4825,1
4826,1
4827,0
4828,1
4829,1
4830,0
4831,0
4832,1
4833,1
4834,1
4835,0
4836,0
4837,1
4838,1
4839,0
4840,1
4841,1
4842,1
4843,1
4844,0
4845,0
4846,0
4847,1
4848,1
4849,0
4850,0
4851,0
4852,1
4853,1
4854,1
4855,1
4856,1
4857,1
4858,1
4859,0
4860,0
4861,0
4862,0
4863,1
4864,0
4865,0
4866,1
4867,1
4868,1
4869,1
4870,1
4871,0
4872,1
4873,0
4874,0
4875,0
4876,1
4877,0
4878,0
4879,1
4880,1
4881,1
4882,0
4883,0
4884,1
4885,0
4886,1
4887,0
4888,1
4889,1
4890,0
4891,1
4892,0
4893,0
4894,1
4895,1
4896,0
4897,0
4898,0
4899,1
4900,1
4901,1
4902,0
4903,1
4904,1
4905,1
4906,0
4907,1
4908,1
4909,0
4910,1
4911,0
4912,1
4913,1
4914,1
4915,1
4916,1
4917,0
4918,1
4919,1
4920,1
4921,1
4922,0
4923,1
4924,1
4925,1
4926,1
4927,1
4928,1
4929,1
4930,1
4931,1
4932,0
4933,0
4934,1
4935,1
4936,1
4937,1
4938,1
4939,0
4940,0
4941,0
4942,1
4943,1
4944,0
4945,1
4946,0
4947,0
4948,0
4949,1
4950,1
4951,1
4952,0
4953,1
4954,0
4955,1
4956,1
4957,1
4958,1
4959,1
4960,0
4961,0
4962,1
4963,1
4964,1
4965,1
4966,1
4967,1
4968,1
4969,0
4970,1
4971,1
4972,1
4973,0
4974,0
4975,1
4976,1
4977,1
4978,0
4979,1
4980,1
4981,1
4982,0
4983,1
4984,1
4985,0
4986,1
4987,1
4988,1
4989,1
4990,0
4991,1
4992,0
4993,1
4994,1
4995,1
4996,1
4997,0
4998,1
4999,0
5000,0
5001,1
5002,0
5003,0
5004,1
5005,0
5006,1
5007,0
5008,0
5009,1
5010,1
5011,0
5012,0
5013,1
5014,1
5015,0
5016,0
5017,1
5018,1
5019,1
5020,1
5021,0
5022,1
5023,1
5024,1
5025,1
5026,0
5027,0
5028,1
5029,1
5030,1
5031,0
5032,0
5033,0
5034,0
5035,1
5036,1
5037,0
5038,0
5039,1
5040,1
5041,0
5042,1
5043,1
5044,1
5045,0
5046,1
5047,1
5048,0
5049,1
5050,1
5051,1
5052,0
5053,0
5054,0
5055,0
5056,0
5057,0
5058,0
5059,0
5060,1
5061,1
5062,0
5063,0
5064,0
5065,0
5066,1
5067,0
5068,1
5069,0
5070,1
5071,1
5072,0
5073,1
5074,0
5075,1
5076,0
5077,1
5078,0
5079,0
5080,0
5081,1
5082,0
5083,0
5084,0
5085,1
5086,1
5087,0
5088,0
5089,1
5090,0
5091,1
5092,0
5093,0
5094,1
5095,0
5096,0
5097,1
5098,1
5099,1
5100,1
5101,1
5102,1
5103,0
5104,0
5105,0
5106,0
5107,0
5108,0
5109,0
5110,1
5111,0
5112,0
5113,1
5114,1
5115,0
5116,1
5117,0
5118,0
5119,0
5120,1
5121,1
5122,0
5123,0
5124,1
5125,1
5126,0
5127,1
5128,1
5129,0
5130,1
5131,0
5132,0
5133,1
5134,0
5135,1
5136,1
5137,1
5138,0
5139,1
5140,1
5141,0
5142,0
5143,0
5144,0
5145,1
5146,1
5147,1
5148,1
5149,1
5150,0
5151,1
5152,0
5153,1
5154,0
5155,0
5156,1
5157,1
5158,1
5159,0
5160,0
5161,1
5162,1
5163,1
5164,1
5165,1
5166,0
5167,0
5168,1
5169,0
5170,1
5171,1
5172,1
5173,0
5174,1
5175,0
5176,1
5177,0
5178,0
5179,0
5180,1
5181,0
5182,0
5183,0
5184,1
5185,0
5186,1
5187,1
5188,1
5189,1
5190,1
5191,0
5192,1
5193,1
5194,0
5195,1
5196,1
5197,1
5198,0
5199,1
5200,1
5201,1
5202,0
5203,1
5204,1
5205,0
5206,1
5207,0
5208,1
5209,0
5210,1
5211,1
5212,0
5213,1
5214,0
5215,0
5216,0
5217,1
5218,0
5219,0
5220,1
5221,0
5222,1
5223,1
5224,0
5225,0
5226,0
5227,1
5228,1
5229,1
5230,1
5231,0
5232,1
5233,0
5234,1
5235,0
5236,0
5237,1
5238,0
5239,1
5240,0
5241,0
5242,0
5243,1
5244,0
5245,1
5246,1
5247,1
5248,1
5249,1
5250,1
5251,1
5252,0
5253,1
5254,1
5255,1
5256,0
5257,1
5258,0
5259,1
5260,0
5261,1
5262,1
5263,1
5264,1
5265,1
5266,1
5267,1
5268,1
5269,0
5270,0
5271,0
5272,1
5273,0
5274,1
5275,0
5276,0
5277,1
5278,0
5279,0
5280,1
5281,1
5282,1
5283,1
5284,1
5285,0
5286,0
5287,0
5288,1
5289,1
5290,1
5291,1
5292,0
5293,0
5294,0
5295,0
5296,1
5297,0
5298,0
5299,0
5300,0
5301,1
5302,0
5303,1
5304,0
5305,1
5306,0
5307,0
5308,1
5309,0
5310,0
5311,1
5312,1
5313,1
5314,1
5315,1
5316,1
5317,1
5318,0
5319,1
5320,0
5321,0
5322,0
5323,0
5324,1
5325,0
5326,0
5327,1
5328,1
5329,1
5330,0
5331,1
5332,1
5333,1
5334,1
5335,1
5336,1
5337,1
5338,1
5339,1
5340,1
5341,1
5342,0
5343,1
5344,1
5345,0
5346,1
5347,1
5348,1
5349,1
5350,1
5351,1
5352,1
5353,1
5354,0
5355,1
5356,0
5357,0
5358,0
5359,1
5360,1
5361,1
5362,0
5363,0
5364,1
5365,0
5366,0
5367,1
5368,0
5369,1
5370,0
5371,1
5372,1
5373,1
5374,1
5375,0
5376,0
5377,0
5378,1
5379,0
5380,0
5381,0
5382,0
5383,0
5384,1
5385,0
5386,0
5387,0
5388,0
5389,1
5390,0
5391,0
5392,0
5393,0
5394,1
5395,1
5396,0
5397,0
5398,1
5399,0
5400,1
5401,1
5402,1
5403,1
5404,1
5405,1
5406,0
5407,1
5408,0
5409,0
5410,0
5411,1
5412,1
5413,1
5414,1
5415,0
5416,1
5417,0
5418,0
5419,1
5420,0
5421,1
5422,0
5423,1
5424,0
5425,1
5426,0
5427,1
5428,0
5429,1
5430,0
5431,0
5432,0
5433,0
5434,0
5435,0
5436,1
5437,1
5438,1
5439,0
5440,1
5441,1
5442,1
5443,1
5444,1
5445,1
5446,1
5447,1
5448,0
5449,1
5450,1
5451,1
5452,1
5453,0
5454,1
5455,1
5456,1
5457,0
5458,1
5459,1
5460,0
5461,1
5462,1
5463,1
5464,1
5465,1
5466,1
5467,0
5468,0
5469,0
5470,0
5471,1
5472,1
5473,0
5474,1
5475,0
5476,1
5477,1
5478,1
5479,1
5480,0
5481,0
5482,1
5483,0
5484,0
5485,1
5486,1
5487,1
5488,1
5489,1
5490,0
5491,1
5492,1
5493,0
5494,1
5495,1
5496,1
5497,1
5498,0
5499,0
5500,0
5501,1
5502,1
5503,1
5504,0
5505,1
5506,1
5507,1
5508,0
5509,1
5510,1
5511,1
5512,0
5513,1
5514,1
5515,1
5516,0
5517,1
5518,0
5519,0
5520,1
5521,0
5522,0
5523,1
5524,0
5525,0
5526,0
5527,0
5528,1
5529,1
5530,1
5531,1
5532,1
5533,1
5534,1
5535,1
5536,0
5537,0
5538,0
5539,1
5540,0
5541,1
5542,1
5543,1
5544,1
5545,1
5546,1
5547,0
5548,0
5549,1
5550,1
5551,0
5552,1
5553,0
5554,0
5555,1
5556,0
5557,0
5558,1
5559,0
5560,0
5561,0
5562,1
5563,0
5564,1
5565,0
5566,0
5567,1
5568,1
5569,0
5570,1
5571,0
5572,0
5573,1
5574,1
5575,1
5576,0
5577,1
5578,1
5579,1
5580,1
5581,1
5582,0
5583,1
5584,0
5585,1
5586,0
5587,0
5588,1
5589,0
5590,0
5591,0
5592,0
5593,0
5594,1
5595,1
5596,0
5597,0
5598,1
5599,1
5600,1
5601,1
5602,0
5603,1
5604,1
5605,1
5606,0
5607,0
5608,1
5609,0
5610,1
5611,1
5612,0
5613,1
5614,0
5615,1
5616,1
5617,0
5618,1
5619,0
5620,1
5621,0
5622,1
5623,0
5624,1
5625,1
5626,0
5627,1
5628,1
5629,0
5630,1
5631,1
5632,1
5633,0
5634,0
5635,1
5636,1
5637,1
5638,1
5639,0
5640,1
5641,1
5642,1
5643,0
5644,0
5645,0
5646,0
5647,1
5648,0
5649,1
5650,1
5651,1
5652,1
5653,0
5654,0
5655,1
5656,1
5657,0
5658,0
5659,1
5660,1
5661,1
5662,0
5663,0
5664,0
5665,0
5666,0
5667,0
5668,0
5669,0
5670,1
5671,0
5672,1
5673,1
5674,0
5675,0
5676,1
5677,1
5678,1
5679,0
5680,1
5681,1
5682,1
5683,1
5684,1
5685,1
5686,1
5687,1
5688,1
5689,0
5690,1
5691,0
5692,1
5693,1
5694,0
5695,1
5696,1
5697,0
5698,1
5699,1
5700,1
5701,0
5702,1
5703,0
5704,1
5705,0
5706,0
5707,0
5708,0
5709,1
5710,0
5711,1
5712,0
5713,1
5714,0
5715,1
5716,0
5717,0
5718,1
5719,1
5720,0
5721,0
5722,0
5723,1
5724,0
5725,0
5726,1
5727,0
5728,1
5729,0
5730,0
5731,1
5732,1
5733,1
5734,1
5735,1
5736,1
5737,0
5738,1
5739,1
5740,0
5741,1
5742,1
5743,0
5744,1
5745,1
5746,1
5747,1
5748,1
5749,1
5750,0
5751,1
5752,1
5753,0
5754,0
5755,1
5756,0
5757,0
5758,1
5759,0
5760,1
5761,1
5762,0
5763,0
5764,1
5765,1
5766,1
5767,0
5768,1
5769,1
5770,1
5771,1
5772,0
5773,0
5774,0
5775,0
5776,0
5777,1
5778,1
5779,0
5780,1
5781,1
5782,1
5783,1
5784,0
5785,0
5786,0
5787,1
5788,1
5789,1
5790,0
5791,0
5792,1
5793,0
5794,1
5795,1
5796,1
5797,1
5798,1
5799,1
5800,1
5801,1
5802,1
5803,1
5804,1
5805,0
5806,0
5807,1
5808,0
5809,0
5810,1
5811,1
5812,1
5813,1
5814,1
5815,0
5816,1
5817,0
5818,0
5819,0
5820,1
5821,0
5822,0
5823,0
5824,1
5825,1
5826,1
5827,1
5828,0
5829,0
5830,1
5831,1
5832,0
5833,1
5834,0
5835,0
5836,1
5837,0
5838,1
5839,0
5840,1
5841,1
5842,0
5843,0
5844,1
5845,1
5846,1
5847,1
5848,1
5849,1
5850,1
5851,1
5852,0
5853,1
5854,1
5855,1
5856,0
5857,0
5858,0
5859,0
5860,0
5861,0
5862,1
5863,0
5864,1
5865,1
5866,1
5867,1
5868,0
5869,1
5870,0
5871,0
5872,0
5873,0
5874,0
5875,0
5876,0
5877,1
5878,0
5879,0
5880,1
5881,1
5882,0
5883,1
5884,1
5885,0
5886,1
5887,1
5888,0
5889,0
5890,1
5891,1
5892,0
5893,1
5894,1
5895,1
5896,1
5897,0
5898,0
5899,0
5900,1
5901,1
5902,1
5903,1
5904,0
5905,1
5906,0
5907,0
5908,0
5909,1
5910,1
5911,0
5912,0
5913,1
5914,0
5915,0
5916,1
5917,1
5918,1
5919,0
5920,1
5921,1
5922,0
5923,0
5924,0
5925,1
5926,1
5927,1
5928,1
5929,1
5930,0
5931,1
5932,1
5933,1
5934,1
5935,0
5936,0
5937,0
5938,1
5939,1
5940,0
5941,1
5942,1
5943,1
5944,1
5945,0
5946,0
5947,1
5948,1
5949,1
5950,1
5951,1
5952,0
5953,0
5954,0
5955,0
5956,0
5957,1
5958,0
5959,1
5960,1
5961,0
5962,1
5963,1
5964,0
5965,1
5966,0
5967,1
5968,1
5969,1
5970,0
5971,0
5972,1
5973,0
5974,0
5975,0
5976,1
5977,1
5978,1
5979,1
5980,1
5981,1
5982,1
5983,1
5984,0
5985,1
5986,0
5987,0
5988,0
5989,1
5990,0
5991,0
5992,1
5993,1
5994,1
5995,0
5996,0
5997,1
5998,0
5999,1
6000,1
6001,1
6002,1
6003,1
6004,1
6005,0
6006,1
6007,1
6008,1
6009,1
6010,0
6011,1
6012,0
6013,0
6014,1
6015,0
6016,0
6017,0
6018,1
6019,0
6020,1
6021,0
6022,1
6023,1
6024,0
6025,1
6026,0
6027,1
6028,1
6029,1
6030,0
6031,1
6032,1
6033,0
6034,1
6035,0
6036,0
6037,0
6038,1
6039,1
6040,1
6041,1
6042,1
6043,0
6044,0
6045,0
6046,1
6047,0
6048,1
6049,0
6050,0
6051,0
6052,1
6053,1
6054,0
6055,1
6056,0
6057,1
6058,1
6059,1
6060,1
6061,1
6062,1
6063,0
6064,0
6065,0
6066,0
6067,0
6068,1
6069,1
6070,1
6071,0
6072,1
6073,1
6074,0
6075,0
6076,1
6077,0
6078,0
6079,0
6080,1
6081,1
6082,0
6083,0
6084,1
6085,0
6086,0
6087,1
6088,1
6089,1
6090,1
6091,1
6092,1
6093,0
6094,1
6095,1
6096,1
6097,1
6098,0
6099,0
6100,1
6101,0
6102,1
6103,0
6104,1
6105,1
6106,1
6107,0
6108,0
6109,0
6110,0
6111,1
6112,0
6113,1
6114,1
6115,1
6116,0
6117,1
6118,0
6119,0
6120,1
6121,0
6122,0
6123,1
6124,1
6125,1
6126,0
6127,0
6128,1
6129,1
6130,0
6131,0
6132,0
6133,1
6134,1
6135,1
6136,1
6137,1
6138,0
6139,0
6140,0
6141,0
6142,1
6143,0
6144,1
6145,1
6146,1
6147,1
6148,0
6149,0
6150,0
6151,1
6152,0
6153,1
6154,1
6155,1
6156,1
6157,0
6158,0
6159,1
6160,1
6161,0
6162,0
6163,1
6164,0
6165,0
6166,0
6167,1
6168,1
6169,1
6170,0
6171,0
6172,0
6173,0
6174,0
6175,0
6176,1
6177,1
6178,0
6179,1
6180,1
6181,1
6182,0
6183,1
6184,0
6185,1
6186,0
6187,0
6188,1
6189,0
6190,1
6191,1
6192,0
6193,0
6194,1
6195,0
6196,0
6197,0
6198,0
6199,1
6200,1
6201,0
6202,1
6203,1
6204,0
6205,1
6206,0
6207,1
6208,0
6209,0
6210,0
6211,0
6212,0
6213,0
6214,1
6215,0
6216,0
6217,1
6218,0
6219,0
6220,1
6221,0
6222,0
6223,1
6224,1
6225,1
6226,1
6227,1
6228,1
6229,0
6230,1
6231,0
6232,1
6233,1
6234,0
6235,1
6236,1
6237,1
6238,1
6239,0
6240,1
6241,1
6242,1
6243,0
6244,0
6245,0
6246,1
6247,0
6248,1
6249,1
6250,1
6251,1
6252,1
6253,1
6254,1
6255,0
6256,1
6257,1
6258,0
6259,1
6260,0
6261,0
6262,0
6263,1
6264,0
6265,1
6266,1
6267,1
6268,0
6269,0
6270,0
6271,0
6272,1
6273,1
6274,1
6275,1
6276,0
6277,1
6278,1
6279,1
6280,0
6281,0
6282,0
6283,1
6284,1
6285,1
6286,1
6287,1
6288,1
6289,0
6290,0
6291,1
6292,1
6293,0
6294,0
6295,1
6296,1
6297,0
6298,1
6299,0
6300,1
6301,1
6302,0
6303,1
6304,0
6305,1
6306,1
6307,0
6308,1
6309,1
6310,0
6311,1
6312,0
6313,0
6314,1
6315,1
6316,1
6317,0
6318,0
6319,0
6320,1
6321,1
6322,1
6323,1
6324,0
6325,1
6326,0
6327,1
6328,1
6329,0
6330,1
6331,0
6332,0
6333,0
6334,1
6335,1
6336,1
6337,1
6338,1
6339,1
6340,0
6341,1
6342,1
6343,1
6344,1
6345,0
6346,0
6347,0
6348,0
6349,1
6350,1
6351,1
6352,1
6353,1
6354,0
6355,1
6356,1
6357,1
6358,0
6359,1
6360,1
6361,0
6362,1
6363,0
6364,1
6365,0
6366,1
6367,1
6368,1
6369,1
6370,1
6371,1
6372,1
6373,0
6374,1
6375,0
6376,0
6377,0
6378,0
6379,0
6380,0
6381,1
6382,1
6383,1
6384,1
6385,0
6386,0
6387,1
6388,0
6389,1
6390,0
6391,1
6392,0
6393,1
6394,0
6395,1
6396,1
6397,0
6398,0
6399,1
6400,1
6401,0
6402,0
6403,1
6404,0
6405,1
6406,1
6407,0
6408,1
6409,1
6410,0
6411,1
6412,0
6413,0
6414,1
6415,0
6416,0
6417,1
6418,1
6419,1
6420,1
6421,1
6422,1
6423,0
6424,0
6425,1
6426,0
6427,1
6428,0
6429,0
6430,1
6431,1
6432,1
6433,0
6434,0
6435,1
6436,1
6437,1
6438,0
6439,1
6440,1
6441,1
6442,1
6443,0
6444,0
6445,1
6446,0
6447,1
6448,1
6449,1
6450,1
6451,1
6452,0
6453,1
6454,0
6455,0
6456,1
6457,1
6458,0
6459,1
6460,0
6461,1
6462,0
6463,0
6464,0
6465,1
6466,1
6467,0
6468,0
6469,0
6470,1
6471,1
6472,1
6473,1
6474,0
6475,0
6476,0
6477,1
6478,1
6479,1
6480,1
6481,0
6482,1
6483,1
6484,1
6485,1
6486,0
6487,1
6488,0
6489,0
6490,0
6491,1
6492,0
6493,0
6494,0
6495,1
6496,1
6497,0
6498,1
6499,1
6500,1
6501,1
6502,0
6503,0
6504,1
6505,1
6506,0
6507,1
6508,1
6509,0
6510,0
6511,0
6512,1
6513,1
6514,1
6515,0
6516,0
6517,1
6518,0
6519,1
6520,1
6521,0
6522,0
6523,1
6524,1
6525,1
6526,1
6527,1
6528,1
6529,0
6530,0
6531,1
6532,1
6533,1
6534,1
6535,0
6536,1
6537,0
6538,1
6539,0
6540,0
6541,0
6542,1
6543,1
6544,0
6545,1
6546,1
6547,0
6548,0
6549,1
6550,0
6551,1
6552,0
6553,1
6554,0
6555,1
6556,0
6557,1
6558,1
6559,1
6560,1
6561,1
6562,0
6563,1
6564,0
6565,1
6566,0
6567,0
6568,1
6569,1
6570,1
6571,1
6572,1
6573,1
6574,1
6575,0
6576,1
6577,0
6578,1
6579,1
6580,1
6581,1
6582,0
6583,1
6584,1
6585,0
6586,1
6587,1
6588,1
6589,1
6590,0
6591,0
6592,1
6593,0
6594,0
6595,0
6596,0
6597,0
6598,0
6599,0
6600,0
6601,0
6602,0
6603,1
6604,1
6605,1
6606,1
6607,1
6608,0
6609,0
6610,0
6611,1
6612,1
6613,1
6614,1
6615,0
6616,1
6617,0
6618,1
6619,0
6620,1
6621,0
6622,0
6623,1
6624,0
6625,1
6626,0
6627,0
6628,1
6629,0
6630,0
6631,1
6632,1
6633,0
6634,0
6635,0
6636,0
6637,0
6638,0
6639,0
6640,1
6641,0
6642,0
6643,1
6644,1
6645,1
6646,0
6647,0
6648,0
6649,1
6650,0
6651,1
6652,1
6653,1
6654,0
6655,1
6656,0
6657,0
6658,0
6659,1
6660,1
6661,1
6662,0
6663,1
6664,0
6665,1
6666,1
6667,1
6668,1
6669,0
6670,1
6671,0
6672,0
6673,1
6674,0
6675,0
6676,0
6677,1
6678,1
6679,0
6680,0
6681,0
6682,1
6683,0
6684,1
6685,1
6686,0
6687,1
6688,0
6689,0
6690,0
6691,1
6692,1
6693,0
6694,1
6695,0
6696,0
6697,0
6698,0
6699,1
6700,0
6701,0
6702,1
6703,1
6704,0
6705,0
6706,0
6707,0
6708,1
6709,0
6710,1
6711,1
6712,0
6713,0
6714,1
6715,1
6716,0
6717,1
6718,0
6719,1
6720,0
6721,1
6722,1
6723,0
6724,1
6725,1
6726,1
6727,0
6728,1
6729,1
6730,0
6731,0
6732,0
6733,1
6734,0
6735,0
6736,1
6737,1
6738,1
6739,0
6740,0
6741,0
6742,0
6743,1
6744,0
6745,0
6746,1
6747,0
6748,0
6749,0
6750,1
6751,1
6752,0
6753,0
6754,1
6755,0
6756,1
6757,0
6758,0
6759,0
6760,1
6761,0
6762,0
6763,0
6764,1
6765,0
6766,0
6767,0
6768,1
6769,1
6770,0
6771,1
6772,1
6773,0
6774,1
6775,1
6776,1
6777,1
6778,1
6779,0
6780,1
6781,1
6782,0
6783,0
6784,1
6785,0
6786,1
6787,1
6788,0
6789,1
6790,1
6791,0
6792,1
6793,0
6794,1
6795,0
6796,1
6797,0
6798,1
6799,0
6800,1
6801,1
6802,0
6803,0
6804,1
6805,1
6806,0
6807,1
6808,1
6809,1
6810,0
6811,1
6812,1
6813,0
6814,0
6815,0
6816,1
6817,0
6818,1
6819,0
6820,0
6821,1
6822,1
6823,0
6824,0
6825,1
6826,1
6827,1
6828,1
6829,1
6830,1
6831,0
6832,1
6833,0
6834,1
6835,0
6836,0
6837,1
6838,0
6839,0
6840,0
6841,0
6842,1
6843,0
6844,0
6845,0
6846,0
6847,1
6848,0
6849,1
6850,1
6851,1
6852,0
6853,0
6854,0
6855,1
6856,1
6857,0
6858,1
6859,0
6860,0
6861,1
6862,0
6863,1
6864,1
6865,0
6866,1
6867,1
6868,1
6869,0
6870,1
6871,0
6872,1
6873,0
6874,0
6875,1
6876,1
6877,1
6878,0
6879,1
6880,0
6881,1
6882,1
6883,1
6884,1
6885,1
6886,0
6887,0
6888,0
6889,0
6890,0
6891,1
6892,1
6893,1
6894,0
6895,0
6896,1
6897,1
6898,1
6899,0
6900,0
6901,0
6902,0
6903,0
6904,1
6905,0
6906,1
6907,0
6908,0
6909,1
6910,0
6911,1
6912,0
6913,0
6914,0
6915,0
6916,0
6917,0
6918,0
6919,0
6920,0
6921,0
6922,0
6923,1
6924,1
6925,0
6926,0
6927,0
6928,0
6929,1
6930,1
6931,0
6932,1
6933,1
6934,0
6935,1
6936,0
6937,1
6938,1
6939,1
6940,1
6941,0
6942,0
6943,0
6944,0
6945,0
6946,1
6947,0
6948,1
6949,1
6950,0
6951,0
6952,0
6953,1
6954,1
6955,0
6956,0
6957,0
6958,0
6959,0
6960,1
6961,1
6962,0
6963,0
6964,1
6965,1
6966,1
6967,1
6968,0
6969,0
6970,1
6971,1
6972,0
6973,1
6974,0
6975,0
6976,1
6977,0
6978,0
6979,1
6980,1
6981,1
6982,0
6983,1
6984,0
6985,1
6986,0
6987,0
6988,0
6989,0
6990,1
6991,1
6992,0
6993,1
6994,1
6995,1
6996,1
6997,0
6998,0
6999,0
7000,0
7001,0
7002,0
7003,0
7004,0
7005,0
7006,1
7007,1
7008,1
7009,1
7010,1
7011,1
7012,0
7013,0
7014,0
7015,1
7016,1
7017,1
7018,1
7019,1
7020,1
7021,1
7022,0
7023,1
7024,1
7025,0
7026,1
7027,1
7028,0
7029,0
7030,1
7031,0
7032,1
7033,1
7034,1
7035,0
7036,0
7037,1
7038,0
7039,1
7040,1
7041,1
7042,0
7043,0
7044,1
7045,1
7046,1
7047,0
7048,0
7049,1
7050,1
7051,0
7052,0
7053,1
7054,1
7055,0
7056,0
7057,0
7058,0
7059,0
7060,0
7061,0
7062,1
7063,0
7064,1
7065,0
7066,0
7067,0
7068,0
7069,1
7070,1
7071,1
7072,0
7073,1
7074,1
7075,1
7076,1
7077,1
7078,1
7079,0
7080,1
7081,1
7082,0
7083,0
7084,0
7085,0
7086,0
7087,0
7088,1
7089,1
7090,1
7091,0
7092,0
7093,1
7094,0
7095,1
7096,1
7097,1
7098,0
7099,1
7100,0
7101,0
7102,0
7103,0
7104,0
7105,0
7106,1
7107,1
7108,0
7109,0
7110,0
7111,1
7112,1
7113,1
7114,1
7115,1
7116,0
7117,1
7118,0
7119,1
7120,1
7121,1
7122,1
7123,1
7124,0
7125,1
7126,1
7127,1
7128,1
7129,1
7130,0
7131,0
7132,1
7133,0
7134,0
7135,1
7136,1
7137,0
7138,1
7139,1
7140,1
7141,1
7142,0
7143,1
7144,0
7145,0
7146,1
7147,0
7148,0
7149,1
7150,1
7151,0
7152,0
7153,0
7154,0
7155,0
7156,1
7157,1
7158,1
7159,1
7160,1
7161,0
7162,1
7163,1
7164,1
7165,0
7166,1
7167,0
7168,1
7169,1
7170,0
7171,1
7172,1
7173,0
7174,1
7175,0
7176,1
7177,1
7178,1
7179,1
7180,1
7181,0
7182,1
7183,0
7184,0
7185,0
7186,0
7187,1
7188,0
7189,0
7190,0
7191,1
7192,1
7193,0
7194,0
7195,0
7196,1
7197,1
7198,0
7199,1
7200,1
7201,0
7202,0
7203,0
7204,1
7205,1
7206,1
7207,1
7208,0
7209,0
7210,1
7211,1
7212,0
7213,0
7214,0
7215,0
7216,0
7217,1
7218,0
7219,1
7220,1
7221,0
7222,0
7223,1
7224,0
7225,1
7226,0
7227,1
7228,1
7229,0
7230,1
7231,0
7232,1
7233,1
7234,0
7235,1
7236,0
7237,0
7238,0
7239,1
7240,1
7241,0
7242,0
7243,1
7244,1
7245,0
7246,0
7247,0
7248,1
7249,0
7250,1
7251,0
7252,0
7253,1
7254,1
7255,1
7256,1
7257,0
7258,1
7259,1
7260,0
7261,0
7262,1
7263,1
7264,0
7265,0
7266,0
7267,1
7268,1
7269,1
7270,0
7271,0
7272,1
7273,0
7274,0
7275,1
7276,0
7277,0
7278,1
7279,1
7280,0
7281,0
7282,0
7283,1
7284,0
7285,0
7286,0
7287,0
7288,1
7289,0
7290,0
7291,0
7292,1
7293,0
7294,0
7295,0
7296,1
7297,0
7298,0
7299,0
7300,1
7301,1
7302,0
7303,0
7304,0
7305,1
7306,1
7307,0
7308,1
7309,0
7310,0
7311,0
7312,1
7313,1
7314,1
7315,0
7316,0
7317,0
7318,0
7319,0
7320,1
7321,0
7322,0
7323,1
7324,1
7325,0
7326,0
7327,0
7328,0
7329,1
7330,1
7331,1
7332,0
7333,0
7334,1
7335,0
7336,0
7337,1
7338,0
7339,0
7340,0
7341,1
7342,0
7343,0
7344,0
7345,0
7346,1
7347,0
7348,1
7349,1
7350,1
7351,1
7352,1
7353,0
7354,0
7355,1
7356,1
7357,0
7358,0
7359,0
7360,0
7361,1
7362,1
7363,0
7364,1
7365,1
7366,0
7367,0
7368,0
7369,0
7370,0
7371,1
7372,1
7373,0
7374,1
7375,0
7376,1
7377,1
7378,0
7379,1
7380,1
7381,1
7382,0
7383,1
7384,1
7385,0
7386,1
7387,0
7388,0
7389,1
7390,1
7391,0
7392,1
7393,0
7394,0
7395,0
7396,1
7397,1
7398,0
7399,1
7400,0
7401,1
7402,1
7403,0
7404,1
7405,0
7406,0
7407,1
7408,0
7409,1
7410,0
7411,1
7412,0
7413,0
7414,0
7415,0
7416,1
7417,1
7418,0
7419,0
7420,1
7421,0
7422,1
7423,0
7424,0
7425,0
7426,1
7427,1
7428,0
7429,1
7430,1
7431,1
7432,0
7433,0
7434,0
7435,1
7436,1
7437,1
7438,0
7439,0
7440,0
7441,0
7442,1
7443,1
7444,0
7445,0
7446,0
7447,1
7448,1
7449,1
7450,0
7451,1
7452,0
7453,0
7454,1
7455,0
7456,0
7457,0
7458,1
7459,1
7460,1
7461,1
7462,1
7463,1
7464,1
7465,0
7466,0
7467,1
7468,0
7469,1
7470,1
7471,1
7472,0
7473,1
7474,0
7475,1
7476,1
7477,1
7478,1
7479,1
7480,0
7481,1
7482,0
7483,0
7484,0
7485,1
7486,1
7487,1
7488,0
7489,1
7490,1
7491,1
7492,0
7493,1
7494,0
7495,0
7496,1
7497,0
7498,0
7499,1
7500,1
7501,0
7502,1
7503,1
7504,0
7505,0
7506,0
7507,0
7508,1
7509,1
7510,1
7511,0
7512,0
7513,1
7514,0
7515,0
7516,0
7517,1
7518,1
7519,0
7520,1
7521,1
7522,1
7523,1
7524,1
7525,0
7526,0
7527,1
7528,1
7529,0
7530,0
7531,0
7532,0
7533,0
7534,0
7535,1
7536,1
7537,1
7538,0
7539,0
7540,0
7541,1
7542,0
7543,1
7544,1
7545,0
7546,1
7547,0
7548,0
7549,1
7550,1
7551,1
7552,0
7553,0
7554,0
7555,0
7556,0
7557,0
7558,1
7559,1
7560,0
7561,1
7562,0
7563,0
7564,0
7565,1
7566,1
7567,0
7568,0
7569,1
7570,0
7571,1
7572,1
7573,0
7574,1
7575,1
7576,0
7577,1
7578,1
7579,1
7580,0
7581,0
7582,0
7583,1
7584,0
7585,0
7586,0
7587,1
7588,1
7589,0
7590,1
7591,0
7592,1
7593,0
7594,0
7595,1
7596,0
7597,1
7598,1
7599,0
7600,1
7601,0
7602,0
7603,0
7604,1
7605,1
7606,1
7607,0
7608,0
7609,0
7610,0
7611,0
7612,0
7613,1
7614,0
7615,1
7616,1
7617,0
7618,0
7619,0
7620,1
7621,1
7622,1
7623,1
7624,1
7625,0
7626,1
7627,1
7628,0
7629,1
7630,0
7631,1
7632,0
7633,0
7634,1
7635,1
7636,0
7637,0
7638,0
7639,0
7640,1
7641,0
7642,0
7643,1
7644,1
7645,1
7646,0
7647,0
7648,0
7649,0
7650,0
7651,0
7652,1
7653,0
7654,0
7655,0
7656,0
7657,0
7658,1
7659,1
7660,1
7661,0
7662,1
7663,1
7664,0
7665,0
7666,1
7667,0
7668,1
7669,1
7670,0
7671,0
7672,0
7673,1
7674,0
7675,0
7676,1
7677,0
7678,0
7679,1
7680,1
7681,1
7682,1
7683,1
7684,0
7685,1
7686,0
7687,1
7688,0
7689,0
7690,0
7691,1
7692,1
7693,1
7694,0
7695,1
7696,0
7697,0
7698,1
7699,1
7700,0
7701,1
7702,0
7703,1
7704,1
7705,0
7706,1
7707,0
7708,0
7709,1
7710,1
7711,1
7712,1
7713,1
7714,1
7715,0
7716,0
7717,0
7718,0
7719,0
7720,0
7721,0
7722,0
7723,0
7724,1
7725,0
7726,0
7727,1
7728,0
7729,0
7730,1
7731,0
7732,0
7733,0
7734,1
7735,0
7736,0
7737,0
7738,0
7739,1
7740,1
7741,0
7742,1
7743,0
7744,1
7745,0
7746,1
7747,1
7748,0
7749,1
7750,1
7751,1
7752,1
7753,1
7754,0
7755,1
7756,1
7757,1
7758,1
7759,1
7760,1
7761,0
7762,0
7763,0
7764,0
7765,0
7766,0
7767,1
7768,1
7769,1
7770,0
7771,0
7772,1
7773,1
7774,0
7775,1
7776,0
7777,0
7778,1
7779,1
7780,0
7781,1
7782,1
7783,1
7784,0
7785,0
7786,1
7787,0
7788,0
7789,0
7790,1
7791,0
7792,0
7793,1
7794,0
7795,1
7796,0
7797,0
7798,1
7799,1
7800,0
7801,0
7802,0
7803,0
7804,0
7805,1
7806,0
7807,1
7808,0
7809,1
7810,1
7811,0
7812,1
7813,0
7814,0
7815,0
7816,1
7817,1
7818,0
7819,0
7820,1
7821,1
7822,1
7823,0
7824,0
7825,1
7826,1
7827,1
7828,0
7829,1
7830,1
7831,1
7832,0
7833,0
7834,1
7835,0
7836,0
7837,1
7838,0
7839,0
7840,1
7841,1
7842,1
7843,1
7844,1
7845,0
7846,1
7847,1
7848,1
7849,0
7850,0
7851,0
7852,1
7853,0
7854,0
7855,0
7856,0
7857,1
7858,1
7859,0
7860,1
7861,0
7862,0
7863,0
7864,1
7865,1
7866,0
7867,0
7868,0
7869,0
7870,1
7871,1
7872,1
7873,1
7874,1
7875,1
7876,1
7877,1
7878,0
7879,0
7880,0
7881,0
7882,1
7883,0
7884,1
7885,1
7886,0
7887,1
7888,1
7889,0
7890,1
7891,0
7892,0
7893,1
7894,0
7895,1
7896,0
7897,0
7898,1
7899,0
7900,0
7901,1
7902,0
7903,0
7904,0
7905,1
7906,0
7907,1
7908,0
7909,1
7910,0
7911,1
7912,1
7913,1
7914,0
7915,1
7916,0
7917,0
7918,1
7919,1
7920,1
7921,1
7922,1
7923,0
7924,0
7925,1
7926,0
7927,0
7928,1
7929,0
7930,1
7931,0
7932,1
7933,0
7934,0
7935,0
7936,0
7937,0
7938,0
7939,1
7940,0
7941,0
7942,0
7943,0
7944,1
7945,0
7946,1
7947,1
7948,0
7949,1
7950,1
7951,1
7952,0
7953,1
7954,1
7955,1
7956,0
7957,0
7958,0
7959,1
7960,1
7961,1
7962,0
7963,1
7964,1
7965,1
7966,0
7967,0
7968,1
7969,0
7970,1
7971,0
7972,1
7973,0
7974,1
7975,0
7976,0
7977,0
7978,0
7979,1
7980,0
7981,1
7982,0
7983,0
7984,0
7985,1
7986,0
7987,0
7988,0
7989,0
7990,1
7991,0
7992,0
7993,0
7994,1
7995,0
7996,1
7997,1
7998,1
7999,0
8000,1
8001,1
8002,1
8003,0
8004,0
8005,1
8006,0
8007,0
8008,0
8009,1
8010,1
8011,1
8012,0
8013,1
8014,0
8015,1
8016,1
8017,0
8018,1
8019,1
8020,0
8021,0
8022,0
8023,0
8024,1
8025,0
8026,0
8027,0
8028,1
8029,1
8030,1
8031,1
8032,1
8033,1
8034,0
8035,0
8036,0
8037,0
8038,0
8039,0
8040,0
8041,1
8042,0
8043,1
8044,1
8045,0
8046,1
8047,0
8048,0
8049,0
8050,1
8051,0
8052,1
8053,0
8054,0
8055,1
8056,1
8057,1
8058,1
8059,0
8060,1
8061,1
8062,0
8063,1
8064,0
8065,0
8066,0
8067,0
8068,0
8069,0
8070,0
8071,1
8072,0
8073,0
8074,0
8075,0
8076,1
8077,1
8078,1
8079,0
8080,0
8081,1
8082,1
8083,0
8084,0
8085,0
8086,1
8087,0
8088,1
8089,0
8090,0
8091,0
8092,0
8093,1
8094,1
8095,0
8096,1
8097,0
8098,1
8099,1
8100,0
8101,0
8102,0
8103,1
8104,1
8105,1
8106,0
8107,1
8108,0
8109,1
8110,1
8111,0
8112,0
8113,1
8114,0
8115,0
8116,0
8117,0
8118,0
8119,1
8120,1
8121,0
8122,1
8123,0
8124,1
8125,0
8126,0
8127,1
8128,1
8129,0
8130,0
8131,1
8132,1
8133,0
8134,0
8135,1
8136,1
8137,0
8138,0
8139,1
8140,1
8141,0
8142,0
8143,0
8144,1
8145,0
8146,0
8147,0
8148,0
8149,1
8150,1
8151,0
8152,0
8153,0
8154,0
8155,1
8156,1
8157,1
8158,0
8159,0
8160,0
8161,0
8162,1
8163,0
8164,0
8165,0
8166,1
8167,0
8168,0
8169,1
8170,0
8171,0
8172,0
8173,0
8174,1
8175,0
8176,1
8177,1
8178,1
8179,1
8180,0
8181,0
8182,0
8183,0
8184,0
8185,0
8186,0
8187,0
8188,0
8189,0
8190,0
8191,1
8192,1
8193,0
8194,0
8195,0
8196,1
8197,1
8198,1
8199,1
8200,0
8201,1
8202,0
8203,0
8204,0
8205,1
8206,1
8207,0
8208,1
8209,0
8210,0
8211,1
8212,1
8213,0
8214,0
8215,0
8216,1
8217,0
8218,1
8219,0
8220,1
8221,1
8222,0
8223,0
8224,1
8225,1
8226,0
8227,1
8228,1
8229,0
8230,0
8231,0
8232,0
8233,1
8234,1
8235,1
8236,0
8237,0
8238,1
8239,0
8240,1
8241,0
8242,1
8243,0
8244,1
8245,0
8246,0
8247,0
8248,0
8249,0
8250,1
8251,1
8252,1
8253,1
8254,0
8255,0
8256,1
8257,0
8258,1
8259,1
8260,0
8261,1
8262,0
8263,1
8264,0
8265,0
8266,0
8267,1
8268,1
8269,0
8270,1
8271,1
8272,1
8273,0
8274,0
8275,0
8276,0
8277,1
8278,0
8279,1
8280,1
8281,0
8282,1
8283,0
8284,0
8285,1
8286,1
8287,0
8288,1
8289,0
8290,0
8291,0
8292,1
8293,0
8294,1
8295,1
8296,1
8297,0
8298,1
8299,1
8300,0
8301,1
8302,1
8303,1
8304,1
8305,1
8306,0
8307,1
8308,1
8309,1
8310,1
8311,1
8312,1
8313,1
8314,0
8315,1
8316,0
8317,1
8318,1
8319,0
8320,1
8321,0
8322,0
8323,0
8324,1
8325,0
8326,0
8327,1
8328,1
8329,0
8330,1
8331,1
8332,1
8333,1
8334,0
8335,1
8336,1
8337,0
8338,0
8339,1
8340,0
8341,1
8342,0
8343,0
8344,0
8345,0
8346,1
8347,1
8348,1
8349,1
8350,1
8351,0
8352,1
8353,1
8354,1
8355,1
8356,0
8357,0
8358,1
8359,0
8360,1
8361,1
8362,1
8363,0
8364,0
8365,0
8366,1
8367,0
8368,1
8369,0
8370,0
8371,0
8372,1
8373,0
8374,0
8375,0
8376,0
8377,0
8378,0
8379,1
8380,1
8381,0
8382,0
8383,0
8384,0
8385,0
8386,1
8387,1
8388,0
8389,0
8390,1
8391,1
8392,0
8393,1
8394,1
8395,0
8396,0
8397,0
8398,0
8399,0
8400,0
8401,0
8402,0
8403,0
8404,0
8405,0
8406,1
8407,1
8408,1
8409,1
8410,0
8411,0
8412,1
8413,0
8414,0
8415,1
8416,1
8417,1
8418,0
8419,0
8420,0
8421,0
8422,1
8423,0
8424,0
8425,0
8426,0
8427,0
8428,1
8429,1
8430,1
8431,0
8432,0
8433,0
8434,1
8435,1
8436,0
8437,0
8438,0
8439,0
8440,1
8441,1
8442,0
8443,0
8444,0
8445,1
8446,1
8447,0
8448,1
8449,1
8450,1
8451,0
8452,0
8453,0
8454,0
8455,0
8456,0
8457,1
8458,1
8459,0
8460,1
8461,0
8462,0
8463,1
8464,0
8465,1
8466,1
8467,1
8468,1
8469,1
8470,0
8471,0
8472,1
8473,0
8474,0
8475,0
8476,1
8477,0
8478,0
8479,0
8480,0
8481,0
8482,0
8483,1
8484,1
8485,1
8486,1
8487,0
8488,0
8489,1
8490,0
8491,0
8492,0
8493,1
8494,1
8495,0
8496,0
8497,1
8498,1
8499,1
8500,0
8501,0
8502,1
8503,0
8504,0
8505,1
8506,0
8507,0
8508,0
8509,0
8510,1
8511,1
8512,0
8513,1
8514,1
8515,0
8516,0
8517,0
8518,1
8519,0
8520,0
8521,1
8522,1
8523,1
8524,0
8525,0
8526,0
8527,1
8528,0
8529,0
8530,1
8531,0
8532,0
8533,0
8534,0
8535,1
8536,0
8537,1
8538,1
8539,1
8540,0
8541,0
8542,0
8543,0
8544,1
8545,1
8546,1
8547,0
8548,0
8549,0
8550,0
8551,1
8552,0
8553,1
8554,0
8555,0
8556,0
8557,0
8558,0
8559,0
8560,1
8561,1
8562,0
8563,0
8564,0
8565,0
8566,1
8567,0
8568,0
8569,1
8570,1
8571,1
8572,0
8573,1
8574,1
8575,1
8576,0
8577,0
8578,1
8579,1
8580,1
8581,0
8582,0
8583,1
8584,1
8585,0
8586,0
8587,0
8588,0
8589,1
8590,1
8591,0
8592,0
8593,0
8594,1
8595,1
8596,1
8597,0
8598,1
8599,0
8600,0
8601,1
8602,0
8603,1
8604,0
8605,0
8606,1
8607,1
8608,0
8609,0
8610,1
8611,1
8612,0
8613,0
8614,0
8615,1
8616,1
8617,1
8618,1
8619,0
8620,1
8621,0
8622,1
8623,0
8624,1
8625,1
8626,0
8627,1
8628,1
8629,1
8630,1
8631,1
8632,0
8633,0
8634,1
8635,1
8636,1
8637,0
8638,1
8639,0
8640,1
8641,1
8642,0
8643,1
8644,0
8645,0
8646,0
8647,0
8648,1
8649,1
8650,1
8651,0
8652,1
8653,1
8654,1
8655,0
8656,1
8657,0
8658,1
8659,0
8660,0
8661,0
8662,1
8663,1
8664,1
8665,0
8666,1
8667,1
8668,1
8669,1
8670,1
8671,1
8672,0
8673,1
8674,0
8675,1
8676,0
8677,1
8678,1
8679,1
8680,1
8681,1
8682,1
8683,0
8684,1
8685,1
8686,0
8687,1
8688,0
8689,0
8690,1
8691,0
8692,1
